,Turnover ;  New South Wales ;  Supermarket and grocery stores ;,Turnover ;  New South Wales ;  Liquor retailing ;,Turnover ;  New South Wales ;  Other specialised food retailing ;,Turnover ;  New South Wales ;  Food retailing ;,"Turnover ;  New South Wales ;  Furniture, floor coverings, houseware and textile goods retailing ;",Turnover ;  New South Wales ;  Electrical and electronic goods retailing ;,"Turnover ;  New South Wales ;  Hardware, building and garden supplies retailing ;",Turnover ;  New South Wales ;  Household goods retailing ;,Turnover ;  New South Wales ;  Clothing retailing ;,Turnover ;  New South Wales ;  Footwear and other personal accessory retailing ;,"Turnover ;  New South Wales ;  Clothing, footwear and personal accessory retailing ;",Turnover ;  New South Wales ;  Department stores ;,Turnover ;  New South Wales ;  Newspaper and book retailing ;,Turnover ;  New South Wales ;  Other recreational goods retailing ;,"Turnover ;  New South Wales ;  Pharmaceutical, cosmetic and toiletry goods retailing ;",Turnover ;  New South Wales ;  Other retailing n.e.c. ;,Turnover ;  New South Wales ;  Other retailing ;,"Turnover ;  New South Wales ;  Cafes, restaurants and catering services ;",Turnover ;  New South Wales ;  Takeaway food services ;,"Turnover ;  New South Wales ;  Cafes, restaurants and takeaway food services ;",Turnover ;  New South Wales ;  Total (Industry) ;,Turnover ;  Victoria ;  Supermarket and grocery stores ;,Turnover ;  Victoria ;  Liquor retailing ;,Turnover ;  Victoria ;  Other specialised food retailing ;,Turnover ;  Victoria ;  Food retailing ;,"Turnover ;  Victoria ;  Furniture, floor coverings, houseware and textile goods retailing ;",Turnover ;  Victoria ;  Electrical and electronic goods retailing ;,"Turnover ;  Victoria ;  Hardware, building and garden supplies retailing ;",Turnover ;  Victoria ;  Household goods retailing ;,Turnover ;  Victoria ;  Clothing retailing ;,Turnover ;  Victoria ;  Footwear and other personal accessory retailing ;,"Turnover ;  Victoria ;  Clothing, footwear and personal accessory retailing ;",Turnover ;  Victoria ;  Department stores ;,Turnover ;  Victoria ;  Newspaper and book retailing ;,Turnover ;  Victoria ;  Other recreational goods retailing ;,"Turnover ;  Victoria ;  Pharmaceutical, cosmetic and toiletry goods retailing ;",Turnover ;  Victoria ;  Other retailing n.e.c. ;,Turnover ;  Victoria ;  Other retailing ;,"Turnover ;  Victoria ;  Cafes, restaurants and catering services ;",Turnover ;  Victoria ;  Takeaway food services ;,"Turnover ;  Victoria ;  Cafes, restaurants and takeaway food services ;",Turnover ;  Victoria ;  Total (Industry) ;,,,,,,,,,,
Unit,$ Millions,$ Millions,$ Millions,$ Millions,$ Millions,$ Millions,$ Millions,$ Millions,$ Millions,$ Millions,$ Millions,$ Millions,$ Millions,$ Millions,$ Millions,$ Millions,$ Millions,$ Millions,$ Millions,$ Millions,$ Millions,$ Millions,$ Millions,$ Millions,$ Millions,$ Millions,$ Millions,$ Millions,$ Millions,$ Millions,$ Millions,$ Millions,$ Millions,$ Millions,$ Millions,$ Millions,$ Millions,$ Millions,$ Millions,$ Millions,$ Millions,$ Millions,,,,,,,,,,
Apr-1982,303.1,41.7,63.9,408.7,65.8,91.8,53.6,211.3,94.0,32.7,126.7,178.3,50.4,22.2,43.0,62.4,178.0,61.8,85.4,147.2,1250.2,257.9,17.3,34.9,310.2,58.2,55.8,59.1,173.1,93.6,26.3,119.9,104.2,42.2,15.6,31.6,34.4,123.7,36.4,48.7,85.1,916.2,,,,,,,,,,
May-1982,297.8,43.1,64.0,404.9,65.8,102.6,55.4,223.8,105.7,35.6,141.3,202.8,49.9,23.1,45.3,63.1,181.5,60.8,84.8,145.6,1300.0,257.4,18.1,34.6,310.1,62.0,58.4,59.2,179.5,95.3,27.1,122.5,110.2,42.1,15.8,31.5,34.4,123.9,36.2,48.9,85.1,931.2,,,,,,,,,,
Jun-1982,298.0,40.3,62.7,401.0,62.3,105.0,48.4,215.7,95.1,32.5,127.6,176.3,48.0,22.8,43.7,59.6,174.1,58.7,80.7,139.4,1234.2,261.2,18.1,34.6,313.9,53.8,53.7,59.8,167.3,85.2,24.3,109.6,96.7,38.5,15.2,29.6,33.5,116.8,35.7,47.1,82.8,887.0,,,,,,,,,,
Jul-1982,307.9,40.9,65.6,414.4,68.2,106.0,52.1,226.3,95.3,33.5,128.8,172.6,48.6,23.2,46.5,61.9,180.2,60.3,82.4,142.7,1265.0,266.1,18.9,35.2,320.2,57.9,56.9,59.8,174.5,91.6,25.6,117.2,104.6,38.9,15.2,35.2,33.4,122.7,34.6,47.5,82.1,921.3,,,,,,,,,,
Aug-1982,299.2,42.1,62.6,403.8,66.0,96.9,54.2,217.1,82.8,29.4,112.3,169.6,51.3,21.4,44.8,60.7,178.1,56.1,80.7,136.8,1217.6,247.2,19.0,33.8,300.1,59.2,56.7,62.2,178.1,85.2,23.5,108.7,92.5,39.5,14.5,34.7,33.2,122.0,32.5,49.3,81.8,883.2,,,,,,,,,,
Sep-1982,305.4,42.0,64.4,411.8,62.3,97.5,53.6,213.4,89.4,32.2,121.6,181.4,49.6,21.8,43.9,61.2,176.5,58.1,82.1,140.2,1244.9,262.4,18.4,35.4,316.2,57.1,58.9,63.6,179.6,89.5,24.3,113.8,98.3,41.7,15.1,34.2,34.5,125.5,33.9,50.7,84.6,917.9,,,,,,,,,,
Oct-1982,318.0,46.1,66.0,430.1,66.2,99.3,58.0,223.5,83.3,31.9,115.2,173.9,51.6,21.0,45.6,62.1,180.3,53.9,87.3,141.2,1264.2,285.4,20.9,38.0,344.3,66.9,59.6,64.1,190.5,93.0,25.8,118.7,102.8,46.2,16.3,35.9,36.7,135.2,37.7,54.1,91.7,983.3,,,,,,,,,,
Nov-1982,334.4,46.5,65.3,446.2,68.9,107.8,67.2,243.9,99.3,35.0,134.3,206.6,55.8,23.5,45.3,68.3,192.9,61.2,87.4,148.7,1372.6,291.9,22.4,38.2,352.5,78.1,63.2,82.5,223.8,107.9,29.0,136.9,114.6,43.5,17.5,38.0,40.7,139.7,40.3,57.3,97.7,1065.2,,,,,,,,,,
Dec-1982,389.6,53.8,77.9,521.3,90.8,155.5,146.3,392.6,142.9,51.7,194.6,346.6,69.9,31.4,55.0,104.0,260.3,75.7,97.2,172.9,1888.3,334.6,29.7,43.9,408.2,87.5,90.3,143.0,320.8,148.2,39.8,188.0,208.5,57.2,21.5,56.5,57.3,192.5,45.2,64.1,109.3,1427.3,,,,,,,,,,
Jan-1983,311.4,43.8,65.1,420.3,58.0,95.1,66.6,219.7,78.5,31.4,109.8,135.3,50.1,20.7,47.4,63.9,182.1,54.2,93.0,147.2,1214.5,270.7,22.9,36.0,329.6,58.8,55.5,64.3,178.6,81.6,25.0,106.6,81.5,43.7,15.6,34.1,35.8,129.3,36.9,57.7,94.6,920.3,,,,,,,,,,
Feb-1983,327.2,39.3,62.3,428.8,63.7,105.1,59.2,228.0,72.9,29.4,102.3,144.2,64.7,22.1,44.0,64.8,195.5,56.7,85.1,141.8,1240.6,278.4,20.8,35.4,334.6,59.7,60.2,64.6,184.5,73.5,23.4,96.9,86.6,44.3,16.3,34.0,36.4,130.9,38.0,50.2,88.2,921.7,,,,,,,,,,
Mar-1983,350.9,43.4,65.7,460.0,66.0,124.1,67.3,257.5,93.3,34.2,127.5,180.5,63.1,24.9,47.7,70.0,205.7,60.9,83.7,144.6,1375.7,303.8,23.5,39.1,366.4,71.6,67.6,73.9,213.0,100.6,28.2,128.8,108.0,48.3,16.8,36.7,39.1,140.9,37.0,55.0,92.0,1049.2,,,,,,,,,,
Apr-1983,323.4,43.7,61.9,429.0,58.3,112.3,57.7,228.2,111.2,39.4,150.6,199.4,51.1,24.5,52.9,65.3,193.7,63.5,79.7,143.2,1344.2,301.9,21.7,35.6,359.2,56.2,62.9,61.5,180.7,105.6,28.6,134.1,115.3,37.0,16.0,33.6,33.8,120.5,35.1,50.2,85.2,994.9,,,,,,,,,,
May-1983,316.6,42.3,63.7,422.6,67.8,120.5,64.9,253.2,112.5,41.4,153.9,200.5,54.8,25.4,55.0,68.9,204.1,64.5,81.1,145.6,1379.9,281.5,21.4,36.4,339.2,62.0,67.0,65.2,194.2,101.9,28.4,130.3,112.1,40.1,16.1,36.6,35.0,127.8,34.1,52.7,86.8,990.4,,,,,,,,,,
Jun-1983,325.4,40.4,64.9,430.6,64.2,115.0,58.6,237.8,103.6,37.1,140.7,175.2,52.3,24.6,56.2,65.7,198.8,63.0,79.7,142.8,1325.8,290.6,20.8,34.2,345.6,57.0,66.2,60.2,183.3,90.3,25.6,115.9,100.1,38.2,16.1,35.9,33.7,123.8,34.9,46.4,81.3,950.0,,,,,,,,,,
Jul-1983,323.1,41.6,69.5,434.2,60.8,111.7,58.8,231.3,97.4,34.1,131.5,181.4,57.7,23.9,54.6,66.9,203.0,61.9,84.7,146.6,1328.1,297.6,21.3,36.2,355.2,54.9,64.0,59.9,178.8,95.1,26.6,121.7,103.4,39.0,16.2,36.9,34.2,126.4,35.8,49.8,85.6,971.0,,,,,,,,,,
Aug-1983,338.1,42.2,67.9,448.2,64.8,117.2,64.8,246.9,96.3,34.0,130.2,179.7,61.5,25.0,54.6,70.4,211.5,64.7,85.2,149.9,1366.3,309.6,22.6,37.1,369.3,58.8,72.4,65.2,196.4,91.3,25.7,117.0,101.4,47.1,17.2,39.3,37.3,140.9,37.1,53.3,90.5,1015.5,,,,,,,,,,
Sep-1983,330.6,42.5,67.5,440.6,65.1,106.9,68.7,240.7,105.6,37.2,142.9,185.0,61.0,24.5,53.8,71.6,210.9,66.3,84.3,150.6,1370.8,310.2,22.4,37.4,370.0,57.4,69.7,66.4,193.6,94.7,26.5,121.3,105.2,46.1,16.9,38.3,37.2,138.5,36.8,54.0,90.8,1019.2,,,,,,,,,,
Oct-1983,351.1,45.0,66.0,462.1,66.3,114.4,84.1,264.8,97.9,37.3,135.2,194.4,56.9,24.6,55.6,74.9,212.0,63.7,80.1,143.8,1412.3,314.5,22.9,37.0,374.4,59.9,73.5,71.3,204.8,102.9,29.1,132.0,106.4,46.9,18.2,38.4,39.1,142.7,39.6,53.1,92.7,1053.0,,,,,,,,,,
Nov-1983,361.5,45.8,67.2,474.5,72.8,136.5,101.2,310.4,110.2,41.0,151.2,224.9,59.3,27.8,57.7,83.4,228.2,69.4,82.9,152.3,1541.6,336.8,24.0,38.4,399.1,64.3,80.3,82.8,227.4,109.7,30.0,139.6,123.1,48.9,19.4,40.7,42.6,151.7,42.0,53.9,95.8,1136.8,,,,,,,,,,
Dec-1983,430.9,56.8,78.4,566.1,96.0,189.0,192.3,477.3,155.0,59.9,214.8,384.7,70.2,36.8,71.4,122.8,301.2,86.0,89.6,175.5,2119.6,378.7,33.5,44.3,456.5,75.7,115.3,147.7,338.7,164.7,44.6,209.4,219.4,64.8,24.8,56.8,61.3,207.6,48.3,63.3,111.7,1543.3,,,,,,,,,,
Jan-1984,333.2,47.2,69.2,449.5,67.7,95.4,73.7,236.8,82.5,35.4,117.9,139.0,54.1,21.4,55.3,69.0,199.7,58.5,97.6,156.1,1299.1,302.5,22.2,35.7,360.4,65.9,69.2,69.4,204.6,93.0,28.6,121.6,106.2,45.9,17.5,33.8,38.0,135.2,38.6,54.2,92.7,1020.7,,,,,,,,,,
Feb-1984,343.3,44.5,68.2,455.9,69.7,105.8,69.6,245.2,83.6,33.6,117.2,159.5,72.3,22.8,52.7,71.8,219.7,60.3,90.3,150.6,1348.1,309.0,20.8,36.0,365.8,68.1,68.1,72.7,208.9,89.3,27.4,116.7,97.3,48.4,17.7,36.0,39.4,141.5,39.7,54.8,94.4,1024.5,,,,,,,,,,
Mar-1984,344.8,46.1,70.7,461.7,71.8,107.5,77.7,256.9,108.8,40.1,148.8,187.4,61.0,24.5,57.3,74.9,217.7,66.5,94.6,161.1,1433.6,331.5,21.9,37.4,390.8,79.4,72.7,75.6,227.8,109.7,31.0,140.7,115.5,49.1,18.8,36.2,40.9,144.9,41.4,56.4,97.8,1117.4,,,,,,,,,,
Apr-1984,345.9,44.8,67.4,458.2,60.8,90.4,68.5,219.6,99.9,39.4,139.2,181.8,53.0,23.1,50.0,70.2,196.3,68.7,88.9,157.6,1352.8,319.1,20.4,36.7,376.2,61.0,62.6,63.7,187.3,107.6,30.8,138.4,115.0,49.5,17.5,34.7,37.9,139.5,39.9,53.0,92.9,1049.3,,,,,,,,,,
May-1984,352.0,45.3,71.0,468.3,72.7,110.0,70.0,252.7,126.8,46.2,173.0,236.0,59.3,27.1,55.7,76.6,218.7,77.9,92.8,170.7,1519.4,331.3,20.6,38.4,390.3,73.3,84.1,66.6,224.0,120.5,34.2,154.7,132.2,54.9,20.4,37.7,41.3,154.5,43.7,57.3,101.0,1156.7,,,,,,,,,,
Jun-1984,348.9,44.8,67.9,461.6,67.2,102.6,60.5,230.3,99.4,38.6,138.0,190.4,54.8,24.3,53.2,68.7,201.0,68.3,87.3,155.5,1376.9,325.1,20.4,35.0,380.5,61.8,73.1,51.3,186.2,103.9,29.5,133.4,116.3,48.7,18.5,35.5,35.8,138.5,40.7,51.4,92.1,1047.0,,,,,,,,,,
Jul-1984,348.6,42.5,67.4,458.5,75.8,111.0,60.2,247.0,102.9,38.4,141.3,209.7,57.3,25.6,53.0,70.1,206.0,70.8,88.7,159.4,1421.9,317.3,19.3,35.3,371.9,62.1,68.6,55.8,186.6,103.6,28.7,132.3,125.5,48.4,18.1,36.6,36.4,139.5,40.5,52.0,92.5,1048.3,,,,,,,,,,
Aug-1984,374.6,46.3,70.7,491.6,79.7,105.2,70.0,255.0,105.5,40.2,145.7,193.6,58.7,25.5,54.6,74.6,213.4,73.2,90.3,163.6,1462.9,333.7,20.4,36.0,390.1,66.3,74.4,59.4,200.1,98.9,28.4,127.3,117.6,51.1,19.3,38.8,38.5,147.8,43.0,51.4,94.4,1077.2,,,,,,,,,,
Sep-1984,345.7,46.2,68.1,460.0,73.3,93.9,69.5,236.7,102.3,39.9,142.2,202.2,53.9,23.3,51.4,70.6,199.2,68.0,89.2,157.2,1397.5,317.7,20.5,34.6,372.7,61.7,61.8,55.3,178.8,90.8,26.8,117.6,118.1,50.3,17.3,35.9,36.1,139.7,39.9,50.5,90.4,1017.4,,,,,,,,,,
Oct-1984,373.5,47.4,73.5,494.4,78.7,103.3,81.5,263.6,119.2,45.0,164.2,214.6,64.2,26.1,55.0,80.5,225.8,76.7,96.7,173.4,1536.0,342.4,21.4,35.7,399.5,74.2,67.5,67.6,209.3,104.6,30.9,135.6,132.6,55.6,18.9,38.8,40.7,154.0,43.1,52.5,95.7,1126.6,,,,,,,,,,
Nov-1984,378.7,50.8,75.2,504.7,86.0,117.2,96.5,299.7,130.8,47.0,177.8,242.7,68.4,27.8,56.3,87.2,239.8,78.1,97.8,175.9,1640.7,361.6,23.5,37.8,423.0,78.7,77.1,79.6,235.5,117.2,33.1,150.3,141.8,60.7,20.3,42.1,44.9,168.0,45.1,55.5,100.6,1219.2,,,,,,,,,,
Dec-1984,432.6,65.3,81.9,579.8,98.4,170.4,179.4,448.2,169.2,62.5,231.6,415.5,79.9,35.4,69.5,121.3,306.0,88.9,104.6,193.5,2174.7,398.5,29.6,41.5,469.6,85.5,99.3,112.7,297.6,159.7,42.7,202.5,240.1,73.8,25.1,53.9,57.2,210.1,53.9,58.6,112.4,1532.3,,,,,,,,,,
Jan-1985,376.4,52.2,74.7,503.3,68.9,100.7,69.4,239.0,101.7,37.8,139.5,204.9,63.2,23.4,59.0,73.3,218.9,65.9,99.8,165.7,1471.3,342.3,23.8,38.1,404.1,64.7,65.3,64.2,194.2,98.7,29.4,128.1,116.6,53.2,18.8,36.3,39.9,148.3,43.7,52.5,96.3,1087.6,,,,,,,,,,
Feb-1985,352.0,45.8,68.7,466.5,68.9,92.0,69.8,230.7,92.9,34.2,127.1,179.6,66.4,21.8,53.6,71.1,213.0,62.5,87.0,149.5,1366.3,333.9,21.6,37.5,393.0,62.3,65.4,61.4,189.1,93.7,27.2,120.8,106.1,60.3,18.6,33.4,40.4,152.7,43.3,50.6,93.9,1055.7,,,,,,,,,,
Mar-1985,371.8,49.4,72.9,494.0,75.2,106.6,74.1,255.8,103.4,37.4,140.8,212.5,65.0,24.5,57.6,75.7,222.8,68.8,93.6,162.4,1488.3,354.9,23.2,38.8,416.9,67.1,73.7,63.9,204.7,110.3,30.1,140.4,119.8,52.7,20.6,36.5,41.0,150.8,46.7,51.3,98.0,1130.5,,,,,,,,,,
Apr-1985,366.6,47.3,73.1,487.0,81.8,103.6,71.9,257.3,119.4,41.3,160.7,234.3,62.8,25.3,51.1,76.0,215.2,73.2,94.3,167.4,1521.9,347.2,22.3,40.3,409.8,66.3,67.3,68.0,201.6,113.0,31.0,144.0,135.0,47.3,18.8,36.8,39.6,142.4,42.5,55.9,98.4,1131.4,,,,,,,,,,
May-1985,391.0,48.2,78.3,517.4,92.5,122.3,83.6,298.4,147.1,49.8,196.9,282.3,66.0,29.7,57.9,86.1,239.8,85.4,96.3,181.7,1716.5,367.1,22.4,41.9,431.5,78.5,86.0,70.5,235.0,136.6,35.6,172.2,159.5,51.9,21.5,43.2,42.6,159.2,45.7,56.0,101.8,1259.2,,,,,,,,,,
Jun-1985,369.4,45.2,73.2,487.9,83.3,107.8,68.8,259.8,117.0,40.9,157.9,217.6,57.5,26.2,57.2,75.2,216.1,75.7,92.2,167.9,1507.1,337.7,20.8,38.4,396.9,68.0,72.7,59.3,200.0,116.1,29.6,145.7,129.7,43.9,18.8,39.3,36.9,139.0,41.1,49.7,90.8,1102.2,,,,,,,,,,
Jul-1985,423.8,47.3,78.8,549.9,94.0,124.5,71.8,290.3,125.4,43.2,168.6,247.5,64.6,30.4,59.9,83.4,238.2,88.2,96.7,184.9,1679.4,344.2,20.7,41.7,406.6,77.5,74.8,60.5,212.8,116.4,31.1,147.5,135.0,50.7,20.6,40.0,40.2,151.5,46.2,52.1,98.3,1151.6,,,,,,,,,,
Aug-1985,401.9,50.3,80.7,532.9,91.5,116.8,79.4,287.7,119.7,42.7,162.3,226.4,67.5,29.0,60.7,85.3,242.4,85.4,100.2,185.6,1637.4,363.5,21.8,44.3,429.5,79.3,81.9,61.8,223.0,115.8,30.9,146.7,138.7,52.0,22.4,41.3,42.4,158.1,50.6,56.4,107.0,1203.0,,,,,,,,,,
Sep-1985,388.6,48.5,77.5,514.6,90.3,109.8,76.0,276.1,115.4,42.7,158.1,216.9,62.4,27.7,57.7,81.3,229.1,82.6,100.2,182.8,1577.6,343.6,21.9,42.7,408.2,78.1,76.3,57.0,211.4,109.8,29.6,139.4,127.5,52.1,20.9,36.7,40.1,149.9,47.2,56.0,103.2,1139.5,,,,,,,,,,
Oct-1985,420.0,52.2,86.0,558.1,91.3,117.3,97.0,305.6,142.3,52.5,194.9,255.1,66.2,30.7,59.5,93.9,250.3,93.5,106.6,200.1,1764.1,382.8,23.4,46.8,452.9,98.0,81.1,80.4,259.5,127.9,34.7,162.6,145.0,50.6,22.9,41.9,46.4,161.9,52.1,59.6,111.8,1293.8,,,,,,,,,,
Nov-1985,422.5,55.0,87.4,565.0,102.9,135.1,126.8,364.8,155.7,57.6,213.3,279.5,70.0,32.8,62.0,104.7,269.5,95.0,112.9,208.0,1900.0,385.9,24.9,47.6,458.4,100.8,85.6,88.5,274.9,133.2,35.7,168.9,158.8,54.0,23.5,44.3,49.1,170.9,52.9,59.4,112.3,1344.1,,,,,,,,,,
Dec-1985,481.3,70.3,98.2,649.8,116.0,191.8,221.2,529.0,202.9,74.8,277.7,480.5,85.0,41.3,73.2,143.8,343.2,107.8,121.5,229.4,2509.5,417.0,32.4,50.9,500.2,109.4,117.6,138.8,365.8,184.0,48.8,232.8,276.0,71.1,30.1,61.4,66.3,228.8,64.0,62.8,126.8,1730.4,,,,,,,,,,
Jan-1986,420.7,54.8,85.4,561.0,78.0,114.0,90.3,282.2,118.5,47.9,166.4,238.0,65.4,28.4,58.0,88.5,240.3,85.1,111.2,196.3,1684.3,373.7,25.8,46.4,445.9,84.1,80.0,76.4,240.5,98.3,30.2,128.4,126.3,58.4,21.9,42.2,46.1,168.7,49.7,64.1,113.8,1223.7,,,,,,,,,,
Feb-1986,392.9,49.0,76.5,518.5,73.3,103.2,89.8,266.4,100.1,40.1,140.2,177.7,70.2,26.3,53.9,85.2,235.6,80.1,97.8,177.9,1516.2,359.2,24.7,44.1,428.0,78.4,72.1,76.1,226.6,92.7,28.3,121.0,112.4,61.1,20.4,42.7,45.4,169.5,47.2,57.2,104.4,1161.9,,,,,,,,,,
Mar-1986,419.4,53.7,83.7,556.7,76.6,106.8,89.6,273.0,105.9,41.5,147.4,214.7,64.2,27.1,54.9,86.2,232.4,82.0,105.3,187.3,1611.5,389.4,26.9,45.7,462.0,76.4,72.9,75.6,224.9,99.2,28.5,127.7,128.2,52.8,20.9,43.0,44.4,161.2,48.5,61.2,109.7,1213.7,,,,,,,,,,
Apr-1986,415.0,51.4,84.9,551.3,82.5,102.9,91.9,277.2,123.8,48.3,172.1,227.8,65.5,29.8,58.8,92.4,246.5,96.8,109.2,206.0,1681.0,384.7,23.5,45.7,453.9,87.1,91.5,74.8,253.4,132.7,36.3,169.0,141.5,53.1,23.8,47.2,46.0,170.1,51.9,58.3,110.2,1298.2,,,,,,,,,,
May-1986,440.0,50.7,91.9,582.7,91.6,121.2,96.0,308.8,158.2,56.7,214.8,302.7,68.3,34.4,62.3,100.9,266.0,110.2,112.8,223.0,1898.1,414.1,24.2,47.3,485.6,102.5,109.9,79.4,291.8,145.7,39.9,185.6,170.0,56.0,26.8,46.3,49.4,178.5,56.6,61.5,118.0,1429.5,,,,,,,,,,
Jun-1986,418.8,47.4,86.7,552.9,77.7,109.2,89.3,276.2,129.3,48.1,177.4,218.1,60.3,29.9,59.0,90.1,239.3,94.2,106.1,200.3,1664.2,384.5,22.4,44.2,451.1,89.0,91.8,71.9,252.7,115.8,31.9,147.7,123.1,48.0,23.2,43.1,43.7,158.0,50.3,57.9,108.2,1240.8,,,,,,,,,,
Jul-1986,451.9,48.3,90.5,590.7,86.1,133.7,79.4,299.2,129.1,50.3,179.3,265.1,69.6,35.2,63.4,96.1,264.3,109.5,106.3,215.8,1814.5,394.8,22.5,47.7,464.9,96.8,95.7,77.7,270.1,126.3,37.4,163.6,154.9,49.1,25.8,44.7,47.7,167.2,57.5,65.9,123.5,1344.3,,,,,,,,,,
Aug-1986,446.2,52.6,91.3,590.2,86.0,127.5,89.1,302.6,120.3,48.2,168.6,225.9,69.2,33.6,63.2,97.2,263.3,105.1,110.9,216.0,1766.5,387.0,23.9,48.9,459.8,98.5,102.0,81.9,282.4,118.8,35.4,154.2,134.3,47.9,26.8,46.0,49.1,169.8,59.7,72.0,131.7,1332.2,,,,,,,,,,
Sep-1986,444.3,51.8,89.6,585.8,82.9,123.5,88.1,294.5,126.9,50.6,177.5,256.6,70.2,33.5,62.0,96.8,262.5,105.6,108.3,213.9,1790.7,388.3,23.6,48.1,460.0,94.6,86.0,80.2,260.8,115.9,35.7,151.6,148.6,48.5,26.0,43.8,48.7,167.0,61.2,71.7,132.9,1320.8,,,,,,,,,,
Oct-1986,458.6,57.4,93.0,609.0,94.6,117.9,116.8,329.3,141.9,57.1,199.0,261.9,72.3,34.0,64.0,107.7,278.0,110.4,114.2,224.6,1901.8,428.3,24.7,51.9,504.9,104.4,93.0,97.9,295.4,128.0,38.9,166.9,147.8,54.9,28.0,52.9,55.2,191.1,65.7,77.1,142.8,1448.8,,,,,,,,,,
Nov-1986,454.7,56.8,92.3,603.8,94.9,124.6,128.6,348.0,141.4,56.0,197.4,285.4,73.3,34.4,61.5,110.9,280.2,110.0,118.4,228.4,1943.2,413.7,26.9,51.2,491.7,101.2,90.5,106.1,297.8,129.3,38.6,167.9,151.1,55.5,26.9,50.7,55.9,189.0,62.7,75.6,138.3,1435.8,,,,,,,,,,
Dec-1986,528.1,73.3,107.4,708.8,115.7,188.0,235.4,539.2,206.9,81.0,287.9,542.4,98.7,46.4,76.3,161.0,382.4,136.6,135.6,272.2,2732.9,471.4,34.2,57.5,563.2,117.4,130.0,173.5,420.9,196.1,56.4,252.5,317.5,77.8,35.2,68.8,78.9,260.7,77.5,82.0,159.5,1974.3,,,,,,,,,,
Jan-1987,466.4,59.5,91.2,617.1,78.1,111.9,103.9,293.9,111.6,50.0,161.7,239.7,65.0,30.8,66.3,98.1,260.2,99.2,118.6,217.9,1790.4,420.1,28.1,51.9,500.1,93.2,81.4,93.8,268.4,106.8,35.6,142.4,137.3,58.9,23.7,46.9,51.7,181.2,55.4,83.5,138.9,1368.4,,,,,,,,,,
Feb-1987,430.5,53.9,87.0,571.5,78.4,103.3,97.3,278.9,99.6,43.4,143.0,202.5,78.5,28.3,61.3,94.5,262.5,91.1,110.2,201.3,1659.8,396.5,25.9,49.1,471.5,87.2,77.6,87.7,252.5,99.8,33.2,133.0,116.0,56.3,23.2,45.4,49.4,174.3,54.7,76.2,130.9,1278.1,,,,,,,,,,
Mar-1987,447.7,56.2,88.9,592.8,84.9,113.5,97.9,296.3,116.5,46.7,163.3,234.1,75.9,30.8,61.6,97.7,266.1,98.8,111.2,210.0,1762.6,423.0,26.4,50.5,499.9,93.1,82.1,92.0,267.2,120.9,37.2,158.1,141.8,53.7,25.0,47.8,51.3,177.7,58.4,77.9,136.3,1381.0,,,,,,,,,,
Apr-1987,455.5,57.3,91.4,604.2,85.6,119.6,97.2,302.4,135.6,51.3,186.9,247.7,74.2,32.2,64.1,99.3,269.9,102.1,112.2,214.3,1825.4,417.4,25.5,52.5,495.4,88.3,84.5,84.8,257.5,128.5,39.2,167.7,164.6,54.3,25.6,49.0,50.6,179.5,59.7,83.0,142.7,1407.4,,,,,,,,,,
May-1987,459.8,55.1,93.2,608.2,90.0,134.9,106.5,331.5,157.6,57.1,214.7,263.3,76.7,35.5,67.8,106.3,286.2,110.5,112.2,222.7,1926.6,414.6,25.4,53.8,493.8,95.7,95.0,89.4,280.1,138.4,42.5,181.0,173.8,55.7,26.9,54.3,52.7,189.7,61.1,83.1,144.2,1462.6,,,,,,,,,,
Jun-1987,443.2,52.7,91.3,587.1,85.3,139.0,88.2,312.5,138.4,51.1,189.5,260.4,73.4,34.8,66.6,98.5,273.3,106.1,110.4,216.4,1839.2,396.5,24.0,52.5,473.1,89.9,90.7,79.0,259.6,126.1,37.3,163.5,159.5,54.2,25.0,52.2,48.7,180.2,56.1,81.8,137.9,1373.8,,,,,,,,,,
Jul-1987,460.1,57.2,98.5,615.9,98.7,133.1,97.7,329.5,145.3,54.1,199.3,277.4,85.1,35.7,68.2,107.1,296.1,113.7,122.0,235.6,1953.9,423.4,26.4,53.7,503.6,103.7,98.4,88.7,290.7,137.9,41.3,179.2,168.0,56.1,28.0,51.0,53.4,188.6,63.9,85.1,149.0,1479.1,,,,,,,,,,
Aug-1987,463.6,56.8,97.4,617.8,94.4,125.0,100.2,319.5,129.7,48.8,178.5,232.7,82.3,34.4,67.8,105.9,290.4,111.4,120.3,231.7,1870.7,404.8,26.4,52.3,483.5,100.0,95.3,96.2,291.5,124.0,37.4,161.4,136.2,55.6,27.0,53.3,53.8,189.5,61.4,85.0,146.4,1408.5,,,,,,,,,,
Sep-1987,459.8,57.9,97.3,615.0,92.8,126.4,110.8,330.0,145.0,54.0,199.1,251.8,80.3,34.6,70.0,108.5,293.4,111.1,122.8,234.0,1923.2,404.5,27.7,52.4,484.6,101.2,88.9,107.5,297.7,128.3,38.8,167.1,155.1,55.7,26.2,53.5,55.6,191.1,60.7,85.7,146.4,1441.9,,,,,,,,,,
Oct-1987,478.9,64.3,99.8,643.0,104.2,139.8,137.3,381.2,152.7,58.3,211.0,261.1,80.0,35.9,69.9,117.1,302.9,111.0,124.1,235.1,2034.3,445.3,28.6,55.2,529.1,112.8,92.8,112.0,317.5,135.6,42.4,178.0,166.8,55.4,28.4,57.6,58.5,199.8,66.4,90.9,157.3,1548.6,,,,,,,,,,
Nov-1987,478.7,63.6,96.9,639.2,106.2,145.8,150.5,402.5,149.9,58.5,208.4,295.2,78.4,37.0,71.6,121.4,308.4,114.1,125.0,239.1,2092.9,425.8,28.5,53.1,507.4,104.1,95.9,117.9,317.8,137.3,42.4,179.7,161.1,54.9,29.1,56.1,59.9,200.1,67.9,87.4,155.3,1521.4,,,,,,,,,,
Dec-1987,565.4,82.5,111.3,759.2,125.1,225.2,248.8,599.1,219.5,82.6,302.0,540.3,98.9,51.3,86.2,170.1,406.6,145.5,135.4,280.9,2888.1,521.0,38.7,62.9,622.5,120.5,144.8,198.5,463.8,202.3,61.8,264.1,362.3,76.0,38.4,72.3,86.1,272.7,83.3,103.2,186.5,2172.0,,,,,,,,,,
Jan-1988,479.2,67.8,100.1,647.1,94.8,130.6,126.6,352.0,127.5,53.1,180.6,225.3,71.8,32.9,70.9,109.0,284.6,102.0,132.3,234.4,1924.0,415.3,31.0,50.9,497.1,83.4,87.6,93.3,264.3,101.5,36.5,138.0,147.2,54.6,24.4,53.4,51.1,183.5,55.9,87.4,143.3,1373.4,,,,,,,,,,
Feb-1988,467.2,59.8,95.0,622.0,98.9,136.4,119.4,354.7,125.3,51.0,176.3,219.0,88.2,34.3,66.6,110.7,299.7,106.6,121.1,227.7,1899.4,419.1,27.9,51.9,498.9,91.3,89.7,103.6,284.6,115.5,38.8,154.3,122.1,52.2,25.7,52.3,53.8,184.0,59.0,87.7,146.7,1390.6,,,,,,,,,,
Mar-1988,501.1,64.6,101.4,667.1,99.5,151.7,123.6,374.8,140.7,53.4,194.1,252.2,89.0,37.0,68.5,115.5,310.1,111.9,129.5,241.4,2039.8,467.1,29.1,56.1,552.3,96.0,94.6,105.6,296.2,126.1,40.9,167.0,161.7,54.2,28.7,59.0,57.4,199.2,67.1,92.5,159.6,1536.1,,,,,,,,,,
Apr-1988,484.6,62.4,96.2,643.2,83.5,140.9,108.8,333.2,145.5,53.2,198.7,259.7,73.0,34.8,68.9,105.7,282.4,106.4,124.3,230.8,1948.0,440.5,28.0,56.0,524.5,91.7,92.2,98.2,282.1,131.2,42.7,173.9,172.3,48.8,27.4,53.3,53.8,183.2,63.3,95.3,158.7,1494.6,,,,,,,,,,
May-1988,481.2,59.6,97.8,638.6,96.8,163.4,121.0,381.2,157.1,57.1,214.2,271.5,80.3,38.6,71.3,114.3,304.5,114.8,126.5,241.2,2051.2,430.4,26.2,54.7,511.3,107.9,104.6,103.8,316.3,146.9,46.5,193.4,177.5,52.6,28.4,55.8,55.8,192.6,62.9,88.8,151.7,1542.8,,,,,,,,,,
Jun-1988,482.9,56.4,91.3,630.6,97.7,150.0,113.9,361.6,149.4,53.3,202.7,252.1,75.3,37.0,77.4,107.5,297.2,113.2,123.5,236.7,1980.9,439.1,25.8,56.0,520.8,101.9,101.7,102.1,305.7,140.8,42.4,183.1,177.9,49.2,27.7,57.2,52.4,186.6,65.4,90.3,155.7,1529.9,,,,,,,,,,
Jul-1988,479.2,54.1,94.6,627.9,94.1,146.5,110.9,351.5,142.7,53.2,195.9,256.6,74.2,38.1,78.5,108.8,299.5,128.3,125.6,253.9,1985.4,440.6,28.5,54.0,523.2,93.2,100.6,111.9,305.7,134.6,39.3,173.9,153.4,46.8,27.8,54.9,50.2,179.7,68.5,85.5,154.0,1489.9,,,,,,,,,,
Aug-1988,494.5,52.9,95.4,642.8,96.3,149.0,124.3,369.6,139.1,50.2,189.3,238.2,76.7,37.3,86.7,109.6,310.2,122.7,124.8,247.5,1997.5,457.0,28.2,57.0,542.3,100.3,100.7,109.9,310.9,135.8,37.9,173.7,150.0,51.3,28.4,61.5,53.9,195.1,68.7,91.2,159.9,1531.7,,,,,,,,,,
Sep-1988,508.6,59.4,98.3,666.3,102.6,141.0,118.5,362.2,159.5,59.8,219.3,266.5,75.7,39.3,88.1,118.4,321.6,121.2,121.7,242.9,2078.8,473.5,31.0,57.8,562.2,93.0,103.5,98.1,294.7,148.8,41.1,189.9,164.9,46.3,29.4,55.3,54.3,185.2,67.0,98.4,165.3,1562.2,,,,,,,,,,
Oct-1988,509.2,63.9,101.4,674.5,103.7,133.8,143.9,381.4,158.9,62.5,221.5,268.4,80.5,39.5,87.5,125.5,333.0,126.9,125.8,252.7,2131.5,474.9,29.7,57.9,562.4,98.0,105.6,113.9,317.5,154.9,44.6,199.5,167.4,47.6,31.6,59.5,60.3,198.9,68.7,99.1,167.8,1613.6,,,,,,,,,,
Nov-1988,535.8,67.1,100.7,703.5,109.7,161.1,172.1,442.9,169.0,69.4,238.5,318.5,90.4,46.7,86.2,151.8,375.2,148.0,126.2,274.2,2352.8,493.7,34.5,59.4,587.6,101.9,117.4,120.7,340.0,150.4,45.6,196.0,204.5,53.7,38.2,61.0,66.9,219.8,71.5,104.9,176.4,1724.3,,,,,,,,,,
Dec-1988,627.7,99.0,120.3,847.0,132.8,225.3,307.4,665.5,241.9,104.9,346.9,581.8,100.1,68.1,109.3,232.4,510.0,165.3,136.1,301.4,3252.4,580.2,51.3,64.9,696.4,117.1,173.8,191.6,482.6,204.5,68.5,273.0,387.9,66.8,53.8,85.4,107.8,313.7,77.8,108.4,186.2,2339.7,,,,,,,,,,
Jan-1989,507.8,51.6,106.2,665.7,89.9,143.8,160.7,394.4,153.0,61.7,214.8,232.3,80.5,37.8,86.9,129.4,334.6,164.1,134.1,298.2,2140.0,483.2,22.4,54.9,560.6,84.5,108.0,108.5,301.0,124.8,38.6,163.4,142.0,55.5,28.9,58.1,55.4,197.8,71.1,96.1,167.2,1532.0,,,,,,,,,,
Feb-1989,503.2,52.3,97.3,652.8,86.2,133.6,155.2,375.0,124.6,52.2,176.8,193.8,93.3,34.3,81.7,120.6,329.9,137.6,118.9,256.5,1984.8,465.5,23.4,53.7,542.5,84.3,100.9,93.8,279.0,118.2,36.1,154.3,130.4,50.2,29.3,53.0,54.7,187.2,71.3,96.6,167.9,1461.4,,,,,,,,,,
Mar-1989,578.3,66.8,105.4,750.5,94.0,148.0,161.0,403.0,148.9,61.2,210.1,265.8,90.6,41.4,86.9,133.2,352.1,140.9,125.0,265.9,2247.5,536.3,25.1,59.0,620.4,93.4,116.7,104.7,314.8,132.0,39.7,171.7,166.5,55.8,31.7,60.5,58.7,206.8,83.1,97.5,180.6,1660.7,,,,,,,,,,
Apr-1989,546.5,70.1,100.6,717.2,97.2,144.1,149.3,390.5,163.8,63.7,227.5,253.5,86.2,38.3,81.3,129.3,335.2,136.7,120.7,257.4,2181.4,483.0,22.4,57.8,563.2,97.3,120.5,101.2,318.9,141.4,42.1,183.5,161.1,51.8,30.6,57.2,55.4,194.9,80.9,98.5,179.4,1601.1,,,,,,,,,,
May-1989,540.7,73.5,103.9,718.0,109.7,168.8,165.6,444.1,172.4,69.4,241.8,276.5,92.2,44.8,88.9,142.8,368.7,141.6,123.5,265.1,2314.2,495.4,22.5,60.4,578.2,99.7,136.7,107.5,343.8,149.8,45.2,195.0,176.7,56.6,33.2,62.8,62.1,214.7,85.4,97.5,182.9,1691.4,,,,,,,,,,
Jun-1989,546.9,67.7,107.4,722.0,112.4,173.9,140.1,426.4,167.5,69.3,236.8,274.1,87.5,44.1,85.7,127.6,344.9,151.3,133.6,284.9,2289.2,496.5,22.4,59.8,578.8,96.8,121.7,94.0,312.6,139.2,41.0,180.2,192.2,57.0,30.2,58.6,54.7,200.6,83.0,94.4,177.5,1641.8,,,,,,,,,,
Jul-1989,549.5,71.1,106.9,727.5,109.2,166.7,128.2,404.1,162.8,65.8,228.5,267.1,90.1,42.2,86.3,126.0,344.6,148.9,133.7,282.6,2254.4,494.4,22.5,56.1,572.9,93.9,128.3,109.9,332.1,130.8,40.1,170.9,159.2,56.1,32.9,60.5,58.1,207.5,89.6,93.7,183.3,1625.9,,,,,,,,,,
Aug-1989,570.1,73.4,109.6,753.1,110.6,170.8,140.4,421.7,145.5,66.0,211.5,256.7,91.9,46.2,93.3,136.7,368.1,150.7,137.1,287.8,2299.0,525.8,23.5,56.4,605.7,95.2,136.2,94.1,325.5,125.6,37.4,163.0,165.2,62.2,32.7,64.2,58.9,218.1,87.2,90.2,177.4,1654.8,,,,,,,,,,
Sep-1989,575.8,84.0,108.8,768.5,117.8,172.0,130.2,420.0,161.6,72.1,233.7,272.6,90.4,48.7,96.5,144.5,380.2,152.0,136.5,288.4,2363.4,509.7,23.1,55.8,588.7,91.2,139.2,105.2,335.7,125.9,38.9,164.8,171.6,60.6,34.8,65.0,61.3,221.7,92.0,96.3,188.3,1670.8,,,,,,,,,,
Oct-1989,556.1,85.2,110.6,751.9,121.5,175.1,143.3,439.9,160.2,73.1,233.3,268.4,90.3,49.6,97.2,147.8,384.9,158.6,143.5,302.1,2380.7,503.4,22.8,59.6,585.7,94.5,139.7,111.3,345.6,129.9,40.3,170.3,174.6,61.1,34.8,63.0,63.3,222.2,91.1,111.9,203.0,1701.4,,,,,,,,,,
Nov-1989,586.8,88.7,113.8,789.3,137.0,189.6,185.3,511.9,184.6,82.3,266.9,329.0,90.1,54.4,100.7,168.4,413.6,165.6,146.4,312.0,2622.7,532.5,27.1,59.9,619.6,108.6,147.9,117.6,374.1,138.7,43.5,182.2,211.4,63.7,37.2,67.3,67.0,235.2,91.7,111.8,203.6,1826.1,,,,,,,,,,
Dec-1989,702.0,146.7,134.4,983.0,146.3,253.9,228.9,629.1,244.7,117.5,362.2,560.9,95.2,75.3,119.6,242.6,532.7,199.3,161.8,361.1,3428.9,629.3,44.5,74.1,747.8,112.0,204.7,172.1,488.9,200.9,69.0,269.9,395.7,89.3,61.6,88.2,118.6,357.7,118.3,118.5,236.8,2496.8,,,,,,,,,,
Jan-1990,563.1,85.1,121.4,769.5,103.7,171.6,96.4,371.7,152.6,72.2,224.8,237.6,80.4,47.3,93.4,141.2,362.4,170.0,169.4,339.4,2305.3,531.1,22.7,64.2,618.1,84.5,136.5,111.5,332.5,113.5,39.6,153.1,153.2,76.1,35.3,67.8,66.4,245.5,91.3,106.9,198.3,1700.6,,,,,,,,,,
Feb-1990,558.2,75.5,114.6,748.3,96.2,158.9,95.0,350.0,129.3,64.0,193.3,201.6,93.3,46.0,88.1,139.8,367.3,159.3,148.7,308.0,2168.4,502.7,23.9,58.9,585.5,79.5,128.4,90.7,298.6,102.2,35.1,137.3,137.0,69.9,30.6,61.9,59.7,222.1,88.1,95.4,183.5,1564.1,,,,,,,,,,
Mar-1990,608.8,82.1,123.5,814.4,114.0,175.5,103.8,393.3,159.2,73.0,232.2,258.5,99.5,49.6,99.5,152.1,400.8,166.1,157.4,323.4,2422.6,568.4,26.4,66.0,660.9,81.7,131.6,99.9,313.2,114.3,38.2,152.5,167.7,57.4,33.8,67.9,62.1,221.3,104.4,100.2,204.6,1720.2,,,,,,,,,,
Apr-1990,570.2,79.9,118.8,768.9,105.9,165.7,97.1,368.8,168.8,70.5,239.3,260.0,84.2,45.6,99.2,135.8,364.7,161.9,157.2,319.1,2320.8,525.4,25.8,61.5,612.7,78.3,135.1,96.9,310.3,126.0,39.8,165.9,179.9,50.4,33.7,65.1,56.4,205.6,88.8,95.0,183.9,1658.3,,,,,,,,,,
May-1990,596.2,79.9,123.6,799.7,121.8,190.2,104.6,416.6,197.2,77.5,274.7,287.7,93.7,49.9,107.7,148.0,399.4,158.8,157.4,316.2,2494.2,548.1,25.1,63.0,636.2,87.9,147.6,102.2,337.7,138.4,42.6,181.0,190.5,58.4,35.0,70.3,61.3,225.0,90.9,92.6,183.5,1754.0,,,,,,,,,,
Jun-1990,605.4,76.0,127.5,809.0,121.6,173.1,100.7,395.4,165.8,73.5,239.3,287.3,83.9,45.2,98.9,135.8,363.7,150.4,155.0,305.3,2400.0,530.3,24.0,63.5,617.9,84.3,141.1,90.1,315.4,134.2,40.6,174.7,197.8,53.2,33.2,59.8,57.6,203.8,84.8,97.3,182.1,1691.7,,,,,,,,,,
Jul-1990,594.8,71.1,125.9,791.8,113.4,173.9,98.2,385.5,165.5,70.8,236.3,256.5,92.8,46.2,101.0,138.7,378.8,150.3,152.9,303.2,2352.1,505.5,23.6,61.4,590.5,85.2,136.1,99.1,320.4,132.4,39.7,172.1,157.9,53.3,34.3,58.6,58.1,204.2,95.4,98.1,193.4,1638.6,,,,,,,,,,
Aug-1990,644.1,72.7,130.1,846.9,114.4,181.1,106.6,402.1,162.1,70.7,232.8,266.6,103.3,47.4,107.4,144.8,402.9,159.8,155.9,315.7,2467.1,549.4,25.3,63.5,638.2,87.4,143.6,100.2,331.2,127.1,39.0,166.1,173.4,56.3,37.1,64.3,62.5,220.1,89.1,97.6,186.7,1715.8,,,,,,,,,,
Sep-1990,604.4,69.0,116.9,790.2,116.3,171.4,96.7,384.4,171.6,73.1,244.7,267.0,86.6,46.2,117.0,139.9,389.7,168.4,134.9,303.3,2379.4,517.9,24.5,60.0,602.3,76.5,125.9,98.8,301.2,118.5,37.8,156.3,164.2,50.5,35.6,61.5,59.1,206.7,92.6,90.3,182.9,1613.6,,,,,,,,,,
Oct-1990,630.1,73.0,123.3,826.4,126.7,189.2,113.3,429.3,187.0,77.7,264.7,277.7,86.8,51.0,126.6,151.6,416.0,159.5,147.2,306.7,2520.7,559.3,26.9,62.2,648.4,85.4,131.7,107.8,324.9,128.4,41.5,169.8,178.7,50.8,37.6,65.0,63.2,216.7,91.2,94.0,185.2,1723.7,,,,,,,,,,
Nov-1990,665.7,83.6,125.3,874.6,126.5,194.9,126.2,447.6,202.3,83.4,285.7,327.3,87.9,54.2,120.9,163.9,426.9,168.2,147.3,315.5,2677.5,581.7,29.3,62.4,673.4,87.4,135.2,116.7,339.3,135.9,44.2,180.1,214.5,53.3,39.3,62.2,68.2,223.0,88.2,94.9,183.1,1813.5,,,,,,,,,,
Dec-1990,737.9,121.0,136.5,995.4,137.8,280.2,159.5,577.5,272.5,114.5,387.0,561.4,93.5,72.5,131.4,215.8,513.2,191.8,164.5,356.3,3390.7,643.7,45.7,71.4,760.8,104.3,182.8,177.5,464.6,191.9,66.8,258.7,377.7,71.9,54.5,74.2,101.3,301.9,93.1,116.0,209.1,2372.9,,,,,,,,,,
Jan-1991,677.9,76.4,121.5,875.8,108.5,186.3,89.1,383.8,172.2,73.7,245.9,242.5,74.8,45.4,98.7,135.1,354.0,165.3,153.3,318.7,2420.6,576.5,24.3,64.1,664.9,82.6,131.3,108.5,322.4,113.4,42.6,156.0,154.4,62.5,33.9,58.6,60.0,214.9,84.3,103.6,187.8,1700.4,,,,,,,,,,
Feb-1991,617.3,67.3,112.3,796.9,104.4,170.8,99.6,374.8,144.2,65.2,209.4,209.0,89.6,43.5,98.2,135.5,366.8,147.6,136.0,283.6,2240.5,532.9,22.3,57.5,612.7,75.6,112.3,112.1,300.0,104.7,37.7,142.3,137.1,54.1,31.5,53.8,56.9,196.3,79.9,87.0,166.9,1555.3,,,,,,,,,,
Mar-1991,672.3,74.3,121.6,868.1,116.2,171.7,129.0,417.0,160.0,70.4,230.4,251.9,95.1,46.7,107.0,142.4,391.2,152.0,145.9,297.9,2456.5,591.5,25.1,61.6,678.3,79.8,119.3,103.1,302.2,115.6,39.1,154.7,169.8,52.0,32.7,61.8,55.4,202.0,78.2,95.9,174.1,1681.0,,,,,,,,,,
Apr-1991,623.1,73.1,120.2,816.5,116.8,170.0,125.6,412.4,190.4,75.1,265.5,260.7,81.7,46.4,108.9,137.3,374.3,148.1,146.7,294.8,2424.2,542.6,22.5,60.6,625.7,79.2,128.9,98.1,306.3,134.9,43.9,178.9,176.4,46.8,32.4,57.0,56.8,193.1,75.3,94.2,169.5,1649.9,,,,,,,,,,
May-1991,666.9,75.9,124.1,866.9,133.9,186.9,127.3,448.2,213.5,81.1,294.6,291.6,91.6,48.3,117.3,146.5,403.7,158.8,144.1,302.9,2607.8,589.2,25.0,63.8,678.1,84.9,134.2,97.8,316.9,138.4,45.7,184.0,193.4,55.2,34.6,60.9,61.6,212.2,79.8,98.0,177.7,1762.3,,,,,,,,,,
Jun-1991,621.1,66.0,120.1,807.1,114.0,170.5,111.7,396.3,183.1,72.6,255.7,253.8,92.6,43.2,126.1,137.6,399.6,150.6,142.4,293.0,2405.5,539.3,22.8,59.7,621.8,89.3,121.7,85.7,296.7,114.1,38.1,152.2,178.8,48.4,29.0,63.1,53.3,193.9,80.9,98.1,179.0,1622.4,,,,,,,,,,
Jul-1991,657.7,66.9,124.5,849.1,119.9,193.5,114.1,427.5,214.1,76.5,290.5,290.4,103.6,47.7,136.1,147.0,434.5,158.2,145.2,303.4,2595.4,561.5,23.4,61.6,646.6,97.2,131.1,110.8,339.1,130.8,40.9,171.7,179.3,54.1,31.1,75.5,57.8,218.5,82.4,96.7,179.0,1734.3,,,,,,,,,,
Aug-1991,711.0,72.2,130.2,913.5,128.7,194.2,118.0,440.9,185.6,73.4,259.0,269.0,98.9,49.3,143.4,152.9,444.5,165.4,149.4,314.8,2641.7,596.6,26.4,61.5,684.5,96.7,128.5,104.5,329.6,120.3,39.3,159.6,176.2,51.2,32.0,71.2,58.2,212.6,83.3,98.0,181.2,1743.7,,,,,,,,,,
Sep-1991,639.2,69.8,119.1,828.2,123.0,175.8,119.6,418.4,180.7,78.1,258.8,256.8,98.7,52.1,119.0,157.5,427.3,189.2,143.5,332.6,2522.1,546.3,24.2,60.5,631.0,86.7,116.0,95.7,298.5,108.2,40.1,148.2,176.1,43.2,35.2,64.7,57.5,200.7,84.6,98.6,183.2,1637.8,,,,,,,,,,
Oct-1991,696.7,75.0,127.7,899.4,138.4,194.6,121.5,454.5,219.2,88.5,307.7,301.8,91.3,55.8,119.6,169.3,436.0,214.0,152.0,366.0,2765.4,612.6,26.7,65.6,704.9,100.5,122.6,130.7,353.8,128.8,49.0,177.8,194.9,49.7,44.6,72.1,70.9,237.3,79.7,104.2,183.9,1852.4,,,,,,,,,,
Nov-1991,701.9,79.7,127.0,908.5,144.8,196.8,128.5,470.1,211.4,89.7,301.0,331.0,103.1,59.5,123.5,184.8,471.0,218.2,152.8,370.9,2852.5,617.5,28.9,64.2,710.7,96.8,126.0,120.3,343.1,126.3,48.1,174.4,219.2,48.5,44.4,71.4,71.7,236.0,83.0,106.0,189.0,1872.4,,,,,,,,,,
Dec-1991,772.1,113.9,141.8,1027.9,139.0,257.6,151.4,548.1,300.9,127.5,428.4,580.3,112.0,82.4,138.7,250.1,583.3,225.9,167.9,393.8,3561.7,659.0,42.6,75.4,777.1,110.8,172.0,176.0,458.8,180.0,69.2,249.2,385.1,66.9,56.0,90.5,104.1,317.5,90.3,137.2,227.5,2415.2,,,,,,,,,,
Jan-1992,707.9,77.5,133.5,918.9,110.9,191.7,100.1,402.7,205.1,87.9,292.9,256.3,90.2,53.1,104.0,164.4,411.7,178.6,166.9,345.6,2628.2,593.4,27.3,63.4,684.1,96.8,130.1,91.0,317.9,109.4,46.2,155.6,167.9,56.9,34.4,78.8,59.6,229.6,82.3,110.0,192.3,1747.4,,,,,,,,,,
Feb-1992,676.2,66.7,125.9,868.9,108.9,184.8,108.2,401.9,178.0,81.4,259.5,232.2,96.3,53.5,103.8,169.8,423.4,170.7,153.4,324.1,2510.0,570.5,26.4,60.8,657.7,86.4,109.1,100.8,296.3,98.2,37.7,135.9,156.9,49.9,31.2,69.4,55.6,206.2,77.1,107.4,184.5,1637.5,,,,,,,,,,
Mar-1992,697.3,72.3,135.1,904.7,105.5,185.1,113.2,403.8,180.4,84.3,264.7,242.1,103.4,52.9,92.7,171.0,420.0,188.5,167.4,356.0,2591.3,593.0,29.3,65.1,687.3,83.5,117.3,116.4,317.2,111.7,41.4,153.1,166.0,50.1,33.4,79.6,57.9,221.0,81.4,116.5,197.9,1742.5,,,,,,,,,,
Apr-1992,720.2,73.8,135.1,929.1,114.1,181.7,108.0,403.9,205.7,88.5,294.1,286.9,98.7,52.4,96.0,167.5,414.6,189.6,161.5,351.1,2679.8,598.3,29.0,65.8,693.0,88.4,113.1,118.4,319.9,131.3,45.9,177.3,203.8,46.1,33.6,84.5,55.7,219.9,78.7,116.8,195.6,1809.5,,,,,,,,,,
May-1992,713.0,69.7,137.7,920.4,116.8,189.4,98.2,404.4,225.2,93.4,318.6,308.0,95.8,52.8,92.4,173.2,414.2,195.5,162.1,357.7,2723.2,599.8,27.0,67.1,693.8,94.1,120.0,108.9,323.0,135.6,47.8,183.5,203.8,50.8,31.9,88.9,56.9,228.6,76.7,117.2,193.9,1826.6,,,,,,,,,,
Jun-1992,688.4,65.4,129.5,883.3,114.3,189.5,95.2,399.1,219.1,82.3,301.5,289.7,89.3,48.1,99.0,150.8,387.2,179.9,150.2,330.1,2590.8,570.1,26.1,60.1,656.4,96.1,113.8,98.3,308.2,125.3,41.3,166.6,194.7,43.9,28.6,90.1,50.4,213.0,76.2,93.1,169.3,1708.2,,,,,,,,,,
Jul-1992,738.3,69.4,134.2,941.8,120.5,206.2,101.4,428.1,220.2,84.2,304.4,271.7,101.4,51.1,102.3,160.9,415.6,187.0,145.5,332.5,2694.2,600.9,28.5,63.2,692.5,98.9,123.1,113.9,335.9,126.3,43.1,169.4,184.7,48.1,30.1,93.2,53.0,224.4,77.9,100.0,177.9,1784.9,,,,,,,,,,
Aug-1992,721.4,70.8,134.9,927.1,111.4,183.0,93.5,388.0,174.5,79.6,254.1,241.3,100.3,49.8,95.6,164.5,410.2,182.3,145.1,327.4,2548.2,578.4,27.0,60.9,666.4,95.3,116.5,102.7,314.5,107.8,38.6,146.4,171.1,45.0,29.6,89.9,50.9,215.4,76.1,97.3,173.4,1687.2,,,,,,,,,,
Sep-1992,714.2,72.0,132.7,918.9,122.7,189.9,112.0,424.6,175.8,89.6,265.4,284.3,90.2,55.2,110.9,173.6,429.9,178.1,147.4,325.4,2648.4,575.4,28.7,61.0,665.1,87.5,125.6,110.6,323.8,110.3,41.7,152.0,190.0,48.0,35.0,89.1,57.4,229.5,86.5,104.1,190.6,1750.9,,,,,,,,,,
Oct-1992,757.5,77.0,138.3,972.9,128.6,198.6,118.9,446.2,197.9,96.1,294.0,307.6,88.8,57.9,106.2,182.7,435.6,171.9,152.5,324.5,2780.7,632.2,30.8,63.9,726.9,100.8,130.6,140.9,372.3,130.7,48.7,179.4,208.4,47.8,40.3,92.5,64.3,244.9,86.2,106.2,192.4,1924.3,,,,,,,,,,
Nov-1992,716.2,77.8,134.9,928.9,130.4,201.4,125.7,457.5,199.1,100.6,299.8,336.5,91.8,61.4,109.8,196.9,459.9,178.5,150.9,329.4,2812.0,586.0,29.7,62.5,678.2,96.6,130.7,131.4,358.8,121.4,46.6,168.0,227.1,49.4,41.2,96.9,66.5,254.0,87.7,107.8,195.4,1881.5,,,,,,,,,,
Dec-1992,832.8,112.3,153.8,1098.9,151.4,293.3,154.7,599.3,271.1,132.7,403.8,583.9,114.8,80.3,130.8,255.5,581.3,221.0,156.3,377.3,3644.5,684.0,51.8,76.3,812.2,110.6,196.9,182.4,489.9,179.1,75.4,254.5,392.6,70.0,63.2,111.1,107.6,351.9,104.3,129.8,234.0,2535.2,,,,,,,,,,
Jan-1993,734.9,81.1,130.4,946.3,110.5,196.0,100.7,407.2,173.3,86.2,259.5,252.4,89.6,48.4,101.7,156.1,395.9,158.6,144.8,303.4,2564.7,616.7,28.3,65.6,710.7,99.7,129.7,135.6,365.0,107.5,48.4,155.9,180.9,52.5,33.1,86.5,56.9,228.9,89.1,118.4,207.4,1848.8,,,,,,,,,,
Feb-1993,710.8,69.3,122.0,902.1,107.6,176.5,102.8,386.9,151.0,72.9,223.9,219.5,92.5,45.1,96.3,152.6,386.5,160.8,128.4,289.1,2408.1,569.0,26.5,59.8,655.3,88.3,114.9,119.3,322.5,94.4,37.1,131.5,147.3,52.8,29.4,73.5,55.3,211.0,79.4,102.7,182.1,1649.7,,,,,,,,,,
Mar-1993,754.8,69.1,125.9,949.8,118.9,198.4,113.5,430.8,167.5,81.0,248.5,258.6,114.3,48.9,112.9,162.0,438.1,159.5,121.7,281.2,2607.0,611.0,28.5,62.5,701.9,96.3,132.3,145.9,374.5,110.9,40.7,151.6,179.2,55.1,33.5,90.9,58.3,237.9,86.7,104.4,191.1,1836.2,,,,,,,,,,
Apr-1993,755.9,75.6,130.6,962.1,110.5,181.5,99.2,391.2,178.7,79.1,257.9,282.4,97.9,45.7,112.8,151.5,407.9,151.4,131.1,282.5,2583.9,621.5,28.1,63.0,712.5,96.3,127.2,154.9,378.4,118.0,42.3,160.4,203.0,50.4,34.0,92.5,55.9,232.9,84.7,105.0,189.8,1876.9,,,,,,,,,,
May-1993,752.9,70.4,128.5,951.8,121.2,196.4,95.4,413.0,205.5,86.8,292.3,314.6,105.7,48.1,116.7,160.5,431.1,155.0,123.3,278.2,2681.0,596.8,26.6,61.9,685.3,104.9,130.2,149.0,384.1,125.2,43.4,168.6,215.7,52.2,32.7,95.1,57.1,237.1,89.0,103.1,192.1,1882.7,,,,,,,,,,
Jun-1993,730.6,65.6,126.2,922.3,121.1,193.4,89.3,403.8,191.6,84.0,275.6,311.2,86.0,46.2,107.9,144.9,385.0,145.2,129.9,275.2,2573.1,591.6,23.1,59.3,674.0,98.8,141.1,133.2,373.2,126.4,42.0,168.4,207.3,46.5,34.8,110.6,54.4,246.2,87.3,98.4,185.7,1854.8,,,,,,,,,,
Jul-1993,747.1,72.3,133.9,953.3,114.5,207.6,84.4,406.4,187.4,80.2,267.6,260.2,83.5,49.5,112.8,147.0,392.7,159.8,135.8,295.7,2575.9,622.2,25.1,63.1,710.4,101.2,151.0,141.2,393.4,128.2,41.5,169.7,173.7,51.3,36.7,109.6,56.9,254.5,93.7,106.5,200.2,1901.8,,,,,,,,,,
Aug-1993,724.5,73.4,127.6,925.6,115.1,194.6,91.1,400.8,163.9,80.4,244.3,251.5,76.9,50.3,114.5,151.5,393.2,153.2,140.4,293.6,2509.0,585.9,25.2,60.3,671.4,97.9,137.2,137.2,372.3,108.7,38.5,147.2,157.8,51.1,36.6,104.5,57.4,249.6,90.4,101.9,192.4,1790.6,,,,,,,,,,
Sep-1993,744.4,71.5,127.3,943.3,120.5,206.9,102.2,429.5,176.4,85.3,261.7,291.3,85.2,54.2,115.6,161.6,416.6,162.9,146.6,309.6,2652.0,606.2,26.5,61.6,694.3,94.7,136.0,139.5,370.3,102.7,38.9,141.6,193.6,51.9,37.1,115.4,55.0,259.3,93.8,101.3,195.1,1854.1,,,,,,,,,,
Oct-1993,767.2,78.2,134.3,979.8,125.4,225.0,101.4,451.8,189.0,87.4,276.4,306.5,85.1,58.9,121.1,169.4,434.4,166.0,155.6,321.6,2770.5,634.3,27.8,63.1,725.3,100.3,144.8,155.5,400.6,110.4,41.4,151.8,201.0,52.8,41.3,121.2,60.1,275.4,93.0,99.6,192.5,1946.6,,,,,,,,,,
Nov-1993,763.6,82.9,132.4,978.9,133.5,224.8,108.5,466.8,196.4,95.3,291.7,337.5,91.8,63.9,124.7,186.7,467.2,182.3,156.4,338.8,2880.9,622.7,28.1,62.9,713.7,107.7,154.7,162.7,425.1,118.6,45.4,164.0,219.9,55.8,48.8,126.3,67.7,298.6,100.8,101.5,202.3,2023.6,,,,,,,,,,
Dec-1993,889.4,124.0,156.4,1169.7,168.7,295.7,179.0,643.4,272.3,142.8,415.1,611.9,92.5,95.4,174.2,270.1,632.2,214.5,163.6,378.1,3850.4,719.0,47.8,79.6,846.5,111.8,218.9,195.6,526.3,172.1,66.8,238.9,396.8,76.9,68.5,151.2,99.6,396.1,112.2,123.7,235.9,2640.5,,,,,,,,,,
Jan-1994,765.8,84.7,145.7,996.2,122.7,202.7,111.0,436.4,180.4,84.8,265.2,255.5,75.5,52.7,116.5,159.6,404.3,168.3,177.0,345.3,2703.0,603.2,24.8,66.4,694.3,94.4,139.9,117.5,351.7,97.3,38.2,135.4,167.5,61.0,32.5,105.7,53.5,252.7,83.0,111.2,194.1,1795.8,,,,,,,,,,
Feb-1994,736.4,71.4,131.7,939.5,126.1,182.9,121.4,430.4,148.6,77.0,225.6,227.6,83.8,51.4,108.8,161.0,405.0,164.5,147.2,311.7,2539.8,584.0,25.5,64.2,673.7,88.2,135.2,108.6,332.0,86.2,33.0,119.2,149.1,57.1,32.9,99.4,53.7,243.1,82.1,103.2,185.3,1702.3,,,,,,,,,,
Mar-1994,810.5,77.1,143.9,1031.5,147.3,207.6,125.6,480.5,180.5,87.3,267.8,288.3,112.9,54.1,126.2,171.3,464.5,186.2,170.7,356.9,2889.5,668.6,30.9,73.1,772.5,85.0,149.9,119.1,354.0,107.6,41.1,148.7,189.2,56.0,40.0,110.4,60.4,266.8,91.8,102.8,194.6,1925.8,,,,,,,,,,
Apr-1994,756.0,75.7,137.1,968.7,136.0,189.6,116.2,441.8,194.4,80.9,275.3,281.0,90.7,48.1,118.2,152.6,409.7,175.8,147.3,323.1,2699.7,620.9,27.1,60.6,708.6,78.5,141.3,105.6,325.3,112.2,41.3,153.5,197.0,52.7,39.0,107.8,54.1,253.6,87.2,94.5,181.8,1819.8,,,,,,,,,,
May-1994,770.8,72.3,136.1,979.3,146.6,214.8,125.1,486.4,201.9,84.2,286.1,311.7,101.0,50.9,123.4,159.5,434.8,179.4,148.7,328.1,2826.5,615.0,27.5,62.1,704.6,87.9,154.2,108.5,350.6,114.3,41.7,156.0,212.1,58.5,40.7,113.0,58.6,270.8,86.4,93.5,179.9,1874.0,,,,,,,,,,
Jun-1994,782.0,73.5,127.8,983.4,150.1,208.2,119.1,477.5,182.8,86.1,268.9,315.8,102.5,52.5,119.7,157.4,432.2,177.5,148.6,326.1,2803.8,623.5,27.5,60.7,711.7,92.9,166.0,99.5,358.4,100.5,38.1,138.6,210.8,58.4,42.8,114.5,54.6,270.4,82.8,97.1,180.0,1869.9,,,,,,,,,,
Jul-1994,801.3,78.8,130.5,1010.6,143.7,216.5,117.5,477.7,176.5,79.9,256.4,276.8,102.5,55.8,125.0,156.9,440.2,198.1,154.8,352.9,2814.6,632.7,25.7,63.4,721.7,93.5,161.2,102.1,356.8,104.5,38.2,142.7,169.9,60.9,44.9,115.6,59.5,280.9,90.5,104.1,194.6,1866.6,,,,,,,,,,
Aug-1994,806.7,77.7,135.7,1020.1,167.7,243.5,123.8,535.1,171.3,84.6,255.9,269.6,92.8,57.7,132.7,169.6,452.8,201.3,155.5,356.8,2890.2,636.3,25.0,62.4,723.7,91.5,165.7,109.7,366.9,96.8,38.9,135.7,182.2,65.4,46.8,118.5,64.2,295.0,92.2,101.5,193.7,1897.2,,,,,,,,,,
Sep-1994,812.8,84.0,138.5,1035.3,152.7,206.5,134.5,493.7,182.6,92.9,275.5,306.4,93.4,51.9,124.9,186.2,456.4,196.3,156.9,353.2,2920.5,649.6,26.9,64.5,740.9,89.8,161.7,112.8,364.3,100.0,39.7,139.7,202.8,61.8,45.3,117.7,65.5,290.2,98.3,107.7,206.0,1943.9,,,,,,,,,,
Oct-1994,818.7,90.6,153.9,1063.2,160.4,226.1,141.0,527.4,187.6,101.0,288.6,317.6,88.7,52.9,120.5,206.3,468.4,191.1,148.6,339.8,3005.2,654.7,28.4,71.4,754.4,80.4,163.9,125.2,369.5,106.4,44.7,151.0,215.2,67.6,44.6,116.8,78.7,307.7,105.8,119.3,225.1,2022.9,,,,,,,,,,
Nov-1994,808.4,98.7,151.6,1058.8,171.0,253.5,145.2,569.7,194.9,101.4,296.3,348.2,96.8,59.4,129.2,198.3,483.7,216.5,147.9,364.3,3121.0,653.4,28.8,68.0,750.2,82.1,182.8,127.4,392.3,110.0,46.2,156.2,223.1,70.5,51.0,120.9,81.7,324.1,101.4,118.5,219.9,2065.8,,,,,,,,,,
Dec-1994,943.4,144.9,179.2,1267.6,182.3,356.5,180.7,719.5,278.7,139.6,418.3,648.0,101.7,94.4,149.5,269.5,615.1,238.7,164.7,403.3,4071.9,791.7,46.8,85.9,924.4,88.7,263.3,169.6,521.6,172.4,69.3,241.7,418.7,94.1,88.9,146.9,126.9,456.7,109.6,136.7,246.3,2809.4,,,,,,,,,,
Jan-1995,792.0,94.3,160.9,1047.1,131.7,232.7,120.8,485.2,185.7,90.6,276.3,261.3,77.3,49.2,114.9,176.6,418.0,217.8,171.1,389.0,2876.8,647.1,26.4,73.8,747.3,81.9,183.2,112.3,377.4,107.9,42.6,150.5,165.1,67.7,45.9,102.5,69.7,285.9,95.9,126.5,222.3,1948.5,,,,,,,,,,
Feb-1995,755.0,83.3,157.0,995.3,140.3,204.5,121.0,465.9,155.0,85.0,240.0,236.8,77.1,43.0,103.8,170.8,394.6,207.1,151.1,358.2,2690.8,639.8,25.2,66.0,731.0,74.3,171.8,108.6,354.8,87.9,40.9,128.8,152.0,65.7,41.1,101.4,72.5,280.8,94.0,113.2,207.2,1854.4,,,,,,,,,,
Mar-1995,838.0,90.3,165.5,1093.8,155.6,229.1,132.6,517.3,181.9,91.8,273.7,282.4,87.7,48.1,123.6,179.7,439.1,227.7,167.3,395.0,3001.4,693.6,28.7,69.9,792.2,79.2,198.8,120.5,398.6,98.8,47.7,146.5,188.2,68.5,46.5,113.8,81.3,310.1,112.1,126.0,238.1,2073.7,,,,,,,,,,
Apr-1995,819.9,93.0,164.4,1077.2,137.5,217.7,116.3,471.5,206.8,94.2,301.0,308.9,69.9,48.2,124.9,174.9,417.8,218.8,167.3,386.1,2962.4,666.6,26.5,71.4,764.6,71.6,183.1,110.6,365.2,112.4,51.4,163.8,215.7,63.7,47.1,107.8,82.4,300.9,100.8,128.1,229.0,2039.3,,,,,,,,,,
May-1995,834.8,84.4,160.8,1080.0,161.5,250.3,113.2,525.0,205.5,95.3,300.8,317.0,83.2,51.2,132.2,174.9,441.6,233.5,166.3,399.9,3064.3,674.3,27.9,74.2,776.5,80.3,210.9,110.5,401.7,104.2,49.1,153.4,211.6,72.9,51.6,120.8,84.3,329.5,100.0,122.4,222.4,2095.1,,,,,,,,,,
Jun-1995,832.8,85.9,156.9,1075.6,158.0,238.7,120.2,516.9,200.9,95.3,296.2,306.8,75.5,50.0,132.0,169.1,426.6,213.7,159.8,373.5,2995.7,672.7,28.8,71.2,772.7,77.6,224.6,112.9,415.1,104.1,47.0,151.2,209.9,71.2,54.8,113.1,79.6,318.7,100.7,120.7,221.5,2089.1,,,,,,,,,,
Jul-1995,838.6,89.6,158.5,1086.7,160.9,228.9,124.3,514.2,191.1,103.1,294.1,314.4,82.8,54.9,131.7,184.9,454.2,230.3,176.6,406.9,3070.5,672.5,27.7,75.3,775.5,85.0,208.9,107.0,400.9,98.4,48.1,146.5,197.2,71.7,52.8,110.4,78.1,313.1,98.2,127.2,225.4,2058.6,,,,,,,,,,
Aug-1995,878.3,91.1,169.3,1138.7,156.8,219.3,134.0,510.1,187.9,100.7,288.6,299.4,88.1,53.3,140.2,192.5,474.1,226.6,179.4,406.0,3117.0,699.6,28.8,76.5,805.0,79.6,203.1,114.9,397.6,90.9,47.6,138.5,197.8,72.7,52.4,119.8,81.7,326.6,96.7,130.7,227.4,2092.9,,,,,,,,,,
Sep-1995,846.4,95.5,164.3,1106.2,168.2,219.2,140.6,528.0,186.3,110.4,296.7,292.9,83.9,54.9,145.2,201.5,485.5,240.4,179.1,419.4,3128.7,698.1,30.1,74.7,803.0,81.4,204.5,117.0,402.8,90.8,48.0,138.8,195.3,71.1,52.3,117.1,82.6,323.1,100.5,132.9,233.4,2096.4,,,,,,,,,,
Oct-1995,885.5,93.4,184.2,1163.1,162.4,215.2,163.7,541.4,194.3,111.0,305.3,321.6,88.6,55.3,128.3,210.5,482.7,246.0,202.5,448.4,3262.5,699.8,28.3,76.9,805.0,89.6,192.9,133.3,415.8,98.3,50.4,148.7,203.0,68.0,52.7,118.7,81.9,321.2,90.2,140.0,230.2,2123.9,,,,,,,,,,
Nov-1995,905.7,104.2,192.0,1201.9,161.0,246.7,176.2,583.9,208.1,117.5,325.6,370.0,96.0,67.5,135.5,227.9,527.0,256.8,205.7,462.5,3470.8,719.8,32.8,80.5,833.2,85.0,205.8,141.6,432.3,104.1,51.8,155.8,246.8,71.0,55.5,123.4,86.0,335.9,104.1,136.4,240.4,2244.4,,,,,,,,,,
Dec-1995,1020.8,150.2,219.4,1390.4,177.6,340.0,225.4,743.0,305.3,166.8,472.1,663.3,106.2,105.9,158.6,316.5,687.1,297.4,223.9,521.3,4477.4,822.5,52.5,93.6,968.6,95.5,300.7,191.1,587.3,152.2,79.9,232.1,436.7,98.0,99.0,148.7,143.0,488.7,108.4,151.1,259.4,2972.8,,,,,,,,,,
Jan-1996,884.2,93.7,168.0,1145.9,144.3,238.0,157.5,539.8,204.9,108.5,313.4,290.8,89.5,53.6,117.6,202.2,463.0,259.0,231.9,490.8,3243.7,711.5,27.6,76.0,815.1,85.6,185.2,130.2,401.0,96.1,45.6,141.7,187.4,90.9,55.7,102.1,75.8,324.6,95.9,143.2,239.1,2109.0,,,,,,,,,,
Feb-1996,878.2,92.2,166.6,1137.0,140.0,227.5,147.7,515.2,179.8,107.7,287.6,255.0,90.2,54.7,105.0,210.0,460.0,251.8,210.1,461.9,3116.6,712.4,28.5,77.3,818.3,77.9,174.9,118.7,371.4,75.4,42.2,117.6,169.2,74.5,50.0,100.0,74.3,298.8,87.8,131.2,219.0,1994.3,,,,,,,,,,
Mar-1996,910.9,101.3,170.2,1182.3,143.3,253.3,158.1,554.7,191.8,111.0,302.8,284.0,94.9,56.6,108.8,204.5,464.8,258.6,221.6,480.2,3268.7,741.8,30.9,76.8,849.6,81.7,195.2,126.6,403.6,89.2,46.5,135.7,189.4,68.8,54.6,105.7,76.1,305.1,97.1,141.2,238.4,2121.7,,,,,,,,,,
Apr-1996,882.4,98.7,163.3,1144.4,141.2,235.9,152.4,529.6,210.3,108.5,318.8,301.9,85.7,53.9,113.0,203.3,456.0,248.3,215.9,464.2,3214.8,702.4,30.2,82.2,814.8,78.8,196.6,114.0,389.4,103.9,47.3,151.2,220.1,63.2,54.8,98.7,74.8,291.4,96.0,140.4,236.4,2103.4,,,,,,,,,,
May-1996,936.1,98.7,167.9,1202.7,144.3,262.3,171.0,577.6,221.3,112.2,333.5,336.3,89.7,57.4,120.8,209.4,477.2,236.5,211.3,447.8,3375.1,738.7,30.5,80.0,849.1,84.6,217.9,120.1,422.5,103.1,49.8,152.8,224.2,67.3,56.5,105.0,80.2,309.1,98.7,137.0,235.6,2193.4,,,,,,,,,,
Jun-1996,888.1,95.1,174.3,1157.5,147.6,262.6,158.0,568.1,201.2,107.9,309.1,314.2,86.8,60.3,116.3,194.8,458.2,229.2,202.7,431.9,3239.0,692.4,30.2,75.9,798.6,83.8,218.5,112.9,415.2,95.8,46.0,141.8,213.3,63.5,55.4,98.5,73.0,290.4,98.0,127.9,225.8,2085.1,,,,,,,,,,
Jul-1996,914.4,92.5,169.1,1176.0,161.3,262.2,174.0,597.5,216.2,121.9,338.1,315.0,87.9,64.5,119.9,215.7,488.1,233.3,201.7,434.9,3349.6,708.0,33.5,78.5,819.9,92.6,223.5,117.1,433.2,95.3,46.8,142.0,203.4,65.2,54.9,109.4,76.4,305.8,101.0,128.9,229.9,2134.3,,,,,,,,,,
Aug-1996,952.1,97.6,173.1,1222.8,149.5,251.6,157.5,558.7,200.0,121.4,321.4,303.5,96.7,62.2,118.2,228.6,505.6,240.0,206.4,446.4,3358.5,748.6,35.4,79.7,863.6,94.0,218.4,123.0,435.4,85.8,47.4,133.2,199.7,67.5,57.1,107.4,83.5,315.5,98.6,130.2,228.8,2176.2,,,,,,,,,,
Sep-1996,905.0,94.7,164.1,1163.8,149.0,238.0,167.0,554.0,193.8,122.8,316.6,288.5,93.6,61.4,113.0,226.6,494.5,224.6,197.7,422.3,3239.6,696.0,36.5,76.2,808.7,86.9,195.4,117.5,399.8,85.2,46.0,131.2,186.2,62.7,55.9,102.1,79.0,299.7,95.7,123.5,219.2,2044.9,,,,,,,,,,
Oct-1996,958.9,101.7,178.5,1239.1,164.3,244.8,181.0,590.1,206.6,126.7,333.3,320.2,92.3,59.2,127.3,229.8,508.5,229.5,213.9,443.4,3434.7,782.4,39.7,78.6,900.8,102.0,220.4,140.8,463.3,100.7,57.4,158.1,203.9,70.4,69.1,109.1,95.9,344.6,99.3,126.2,225.5,2296.1,,,,,,,,,,
Nov-1996,965.9,113.3,172.1,1251.3,163.5,249.8,189.6,603.0,210.6,130.7,341.3,370.4,99.1,65.5,126.8,242.6,534.0,226.9,208.1,435.0,3534.8,770.2,41.6,83.8,895.6,93.4,229.1,156.7,479.2,95.5,58.4,153.9,250.8,71.3,75.4,112.1,104.2,363.0,102.3,130.9,233.3,2375.8,,,,,,,,,,
Dec-1996,1040.8,153.1,188.8,1382.7,177.8,351.5,249.8,779.1,307.2,187.5,494.7,645.9,118.9,104.9,144.0,336.5,704.3,249.5,222.1,471.6,4478.3,845.8,64.3,96.5,1006.5,102.0,316.8,202.5,621.4,137.2,86.1,223.3,442.4,104.5,118.3,137.8,157.6,518.1,116.8,137.9,254.6,3066.5,,,,,,,,,,
Jan-1997,978.6,93.7,165.1,1237.4,146.0,227.5,168.0,541.5,202.5,132.5,334.9,284.9,91.0,53.8,97.1,228.4,470.4,224.6,225.0,449.6,3318.8,814.6,39.4,77.6,931.6,95.6,228.8,141.7,466.1,93.5,54.0,147.5,197.4,76.4,56.7,96.5,91.1,320.7,100.2,141.9,242.1,2305.3,,,,,,,,,,
Feb-1997,899.6,92.1,149.5,1141.2,135.9,236.5,154.9,527.3,166.8,110.2,277.0,249.4,93.2,51.5,93.1,212.9,450.7,213.2,192.5,405.6,3051.3,742.6,37.2,70.1,850.0,88.1,212.6,129.2,429.9,70.1,48.7,118.8,171.9,67.3,55.7,96.8,88.1,307.8,88.6,127.5,216.1,2094.5,,,,,,,,,,
Mar-1997,986.3,103.3,161.0,1250.7,141.9,235.4,169.9,547.2,174.4,121.6,296.0,285.0,98.6,53.1,101.3,222.3,475.3,224.4,214.6,439.0,3293.2,795.8,41.4,77.0,914.3,88.8,205.9,140.0,434.7,87.9,51.7,139.6,214.3,69.9,61.3,104.7,89.3,325.3,114.4,135.6,249.9,2278.0,,,,,,,,,,
Apr-1997,928.1,95.7,165.3,1189.1,132.3,223.3,159.8,515.3,200.5,120.4,320.9,281.7,92.8,50.8,106.2,217.2,467.0,215.8,207.0,422.8,3196.8,756.5,39.4,79.8,875.7,97.0,215.4,132.2,444.6,107.2,58.0,165.1,212.6,73.2,61.9,111.2,93.0,339.4,108.9,142.0,250.8,2288.1,,,,,,,,,,
May-1997,985.3,103.7,165.1,1254.1,141.8,261.4,172.7,575.9,228.1,127.4,355.5,337.5,97.7,55.2,107.7,225.4,486.0,221.3,210.6,431.9,3440.9,796.6,42.1,84.0,922.8,102.5,219.2,127.3,449.0,104.0,59.6,163.6,241.0,67.7,64.3,115.9,96.7,344.6,108.3,144.3,252.7,2373.6,,,,,,,,,,
Jun-1997,909.8,96.7,161.4,1167.8,144.3,257.0,154.1,555.4,200.5,120.9,321.4,287.2,90.1,60.4,105.7,217.2,473.3,207.9,198.3,406.2,3211.4,741.9,39.8,77.1,858.8,99.9,226.7,123.1,449.7,90.2,52.3,142.5,200.4,64.0,63.4,110.4,87.7,325.4,100.7,135.1,235.8,2212.6,,,,,,,,,,
Jul-1997,960.6,91.1,201.3,1253.1,150.9,254.3,144.9,550.1,207.7,126.8,334.5,341.4,89.0,63.5,114.1,228.2,494.9,218.7,207.0,425.7,3399.7,776.5,42.1,85.1,903.8,107.0,225.3,121.0,453.4,98.7,58.7,157.4,226.3,64.8,67.3,120.0,93.2,345.3,108.5,129.1,237.5,2323.8,,,,,,,,,,
Aug-1997,972.0,95.4,201.0,1268.4,144.9,234.5,141.3,520.7,185.2,122.4,307.6,281.5,91.1,57.5,115.6,227.9,492.0,227.7,209.0,436.7,3306.9,782.6,44.5,83.3,910.4,106.1,230.0,124.3,460.4,89.6,58.0,147.6,198.2,67.4,68.1,120.1,100.9,356.6,113.8,124.0,237.8,2311.0,,,,,,,,,,
Sep-1997,946.9,90.4,200.3,1237.7,141.4,226.1,164.3,531.8,195.9,124.5,320.5,320.6,93.9,60.1,111.3,234.9,500.2,222.9,211.2,434.0,3344.9,761.6,43.5,82.6,887.7,106.9,206.5,138.7,452.0,94.7,59.8,154.5,226.6,68.0,72.0,118.3,104.3,362.6,110.3,124.7,235.0,2318.5,,,,,,,,,,
Oct-1997,1022.6,102.0,207.4,1331.9,154.2,231.8,162.7,548.7,199.7,139.8,339.5,332.0,91.4,59.3,116.9,257.6,525.2,227.6,215.9,443.6,3520.8,828.2,46.8,90.2,965.2,125.6,236.3,152.5,514.4,101.3,66.4,167.6,232.6,72.5,79.5,107.8,112.4,372.1,120.6,122.7,243.4,2495.3,,,,,,,,,,
Nov-1997,1001.1,108.7,204.7,1314.5,148.0,227.9,172.8,548.6,211.0,144.6,355.6,382.1,94.4,64.8,112.8,280.7,552.7,237.8,210.1,447.8,3601.5,805.0,51.5,86.2,942.8,117.1,241.2,159.3,517.6,108.2,66.7,175.0,272.3,71.6,85.8,106.5,109.3,373.2,115.9,122.6,238.5,2519.3,,,,,,,,,,
Dec-1997,1115.0,157.4,240.8,1513.3,165.1,344.0,248.7,757.9,317.1,204.8,521.9,658.3,118.3,102.0,139.8,390.1,750.2,257.9,225.3,483.2,4684.7,896.9,82.8,103.2,1083.0,128.1,339.3,212.8,680.2,151.1,98.2,249.4,465.3,103.2,128.5,134.5,170.4,536.6,133.2,131.1,264.3,3278.7,,,,,,,,,,
Jan-1998,1039.1,100.7,233.7,1373.6,137.8,243.0,157.0,537.9,189.0,133.0,322.0,321.2,89.1,58.9,113.2,235.6,496.8,225.0,215.1,440.1,3491.6,838.1,46.0,85.0,969.2,118.5,188.9,142.8,450.2,92.8,63.6,156.4,214.2,75.0,68.2,95.2,109.9,348.3,116.6,124.9,241.5,2379.7,,,,,,,,,,
Feb-1998,940.6,88.9,207.8,1237.3,129.7,213.7,145.0,488.4,159.6,112.4,272.0,237.1,89.3,49.5,105.7,224.4,469.0,188.6,191.2,379.9,3083.5,748.4,43.9,81.9,874.2,111.9,155.9,128.3,396.1,82.8,55.3,138.0,174.2,67.6,60.3,88.8,101.6,318.3,103.3,114.6,218.0,2118.9,,,,,,,,,,
Mar-1998,1003.8,94.0,214.0,1311.9,138.2,244.7,158.6,541.5,175.6,115.0,290.6,278.7,97.1,53.3,116.5,219.1,486.0,208.5,198.0,406.5,3315.2,797.6,47.1,86.8,931.4,117.1,171.3,139.1,427.5,102.8,64.2,166.9,208.9,72.6,62.3,100.2,116.1,351.2,125.9,119.5,245.4,2331.4,,,,,,,,,,
Apr-1998,995.6,93.8,218.9,1308.3,133.1,231.2,145.9,510.2,202.3,128.2,330.5,328.4,86.4,56.0,112.5,242.2,497.1,198.7,172.3,370.9,3345.4,803.3,46.5,86.8,936.6,109.1,168.1,139.1,416.2,122.2,67.6,189.9,245.8,61.7,67.1,101.8,117.7,348.2,127.1,108.8,235.8,2372.6,,,,,,,,,,
May-1998,1006.6,94.6,219.3,1320.5,147.1,242.7,146.8,536.6,236.7,130.9,367.6,340.5,90.8,52.4,114.4,239.6,497.2,228.2,167.1,395.4,3457.8,816.3,49.7,84.4,950.4,122.4,174.9,136.5,433.8,128.7,65.4,194.1,238.2,61.7,65.1,108.7,108.5,344.0,129.9,110.3,240.2,2400.6,,,,,,,,,,
Jun-1998,962.9,87.7,212.4,1263.0,145.4,243.4,140.2,528.9,203.8,123.2,327.0,279.1,89.4,54.2,114.5,230.5,488.6,207.1,169.2,376.3,3263.0,787.9,44.5,84.6,917.0,120.7,169.9,132.5,423.2,119.7,61.0,180.8,211.0,59.0,66.5,108.0,104.3,337.7,121.8,105.1,226.9,2296.6,,,,,,,,,,
Jul-1998,1007.7,87.1,216.7,1311.6,162.6,240.8,135.8,539.2,211.7,136.1,347.8,364.2,85.9,60.6,124.8,240.5,511.9,226.8,174.5,401.4,3476.1,843.3,52.7,95.5,991.5,130.4,182.8,133.6,446.8,132.0,66.5,198.5,254.5,67.1,71.7,111.2,116.7,366.7,133.0,115.4,248.4,2506.4,,,,,,,,,,
Aug-1998,1003.3,84.3,211.9,1299.6,149.1,223.3,141.7,514.1,198.0,125.4,323.4,291.5,83.3,54.7,122.0,233.9,494.0,221.6,160.7,382.3,3304.9,827.1,52.6,89.9,969.5,124.6,169.0,142.6,436.2,118.9,63.3,182.2,212.7,69.1,77.8,111.8,115.3,374.0,141.6,113.9,255.5,2430.1,,,,,,,,,,
Sep-1998,999.1,85.3,218.6,1302.9,147.1,212.7,158.7,518.5,206.1,138.6,344.7,324.0,87.9,56.3,131.9,242.7,518.8,228.9,159.5,388.4,3397.4,826.6,53.8,88.7,969.1,134.2,176.6,148.8,459.6,121.9,65.0,186.9,227.9,67.5,85.7,109.9,119.0,382.0,137.5,110.5,248.0,2473.6,,,,,,,,,,
Oct-1998,1109.4,101.7,223.4,1434.4,158.1,216.2,148.4,522.6,226.9,140.6,367.5,345.4,80.3,61.7,143.4,227.3,512.7,262.5,172.2,434.7,3617.3,897.8,51.6,94.5,1043.9,136.9,196.5,155.6,489.1,122.7,74.6,197.4,251.6,71.8,81.6,115.2,132.5,401.1,146.6,121.4,268.0,2651.0,,,,,,,,,,
Nov-1998,1041.8,103.9,209.4,1355.1,172.7,210.8,148.0,531.6,211.5,145.0,356.5,393.1,85.7,67.2,137.4,243.9,534.2,266.7,166.3,433.0,3603.4,864.2,60.0,84.8,1008.9,132.5,191.4,150.6,474.5,134.8,78.9,213.6,284.8,72.3,88.9,116.5,135.9,413.7,143.7,116.8,260.5,2656.0,,,,,,,,,,
Dec-1998,1186.6,150.6,247.8,1585.0,175.7,325.7,183.0,684.4,333.9,199.1,533.0,691.3,102.0,107.4,170.6,337.8,717.8,279.0,180.0,459.0,4670.5,987.1,93.8,109.9,1190.8,150.9,293.2,193.9,638.0,206.7,110.0,316.6,498.8,98.5,139.4,141.7,192.1,571.8,160.1,124.1,284.2,3500.1,,,,,,,,,,
Jan-1999,1104.6,91.5,219.7,1415.9,150.3,239.8,133.1,523.2,199.8,141.6,341.4,338.7,80.0,60.4,142.9,211.2,494.4,287.9,173.3,461.2,3574.8,918.8,56.7,84.6,1060.1,121.7,210.4,140.1,472.2,113.3,72.2,185.5,224.5,76.3,77.1,105.0,117.1,375.5,150.1,117.6,267.7,2585.5,,,,,,,,,,
Feb-1999,1001.0,84.4,206.9,1292.3,126.6,207.5,120.5,454.6,167.4,111.9,279.3,252.2,83.0,49.4,135.8,197.0,465.2,270.0,149.6,419.6,3163.1,828.9,54.1,80.7,963.8,117.8,183.4,126.8,428.0,107.5,61.5,169.0,185.9,67.6,67.5,106.1,111.6,352.8,139.1,109.4,248.6,2348.1,,,,,,,,,,
Mar-1999,1108.9,96.6,218.4,1423.9,149.4,212.0,132.2,493.6,193.6,116.1,309.7,303.0,96.3,55.6,158.4,194.3,504.6,299.9,164.8,464.7,3499.5,909.4,59.3,93.3,1062.0,137.1,189.1,137.4,463.5,135.0,78.4,213.4,233.5,74.2,74.5,131.3,131.3,411.4,161.8,121.4,283.3,2667.1,,,,,,,,,,
Apr-1999,1043.4,92.1,226.4,1361.8,140.4,219.4,126.0,485.8,227.1,133.2,360.3,339.1,83.9,56.2,152.7,218.5,511.3,312.6,158.0,470.6,3528.9,865.8,54.2,100.1,1020.2,128.5,203.9,132.0,464.4,144.5,76.5,221.0,236.6,71.1,73.8,123.8,125.6,394.4,170.1,115.5,285.6,2622.2,,,,,,,,,,
May-1999,1060.1,92.1,217.0,1369.2,159.4,217.4,141.0,517.8,230.6,127.8,358.4,349.0,84.1,53.2,157.7,222.6,517.6,332.2,160.8,493.0,3605.1,879.6,56.3,94.0,1029.9,143.5,212.0,124.0,479.5,142.1,76.1,218.2,253.5,73.3,70.3,129.4,116.2,389.2,182.5,116.6,299.1,2669.5,,,,,,,,,,
Jun-1999,1029.5,86.6,215.4,1331.5,159.0,224.8,135.0,518.8,219.2,114.6,333.8,298.6,84.0,56.8,159.7,195.0,495.4,286.7,157.3,444.0,3422.2,843.8,53.8,92.7,990.3,142.7,209.2,123.9,475.8,147.1,76.6,223.7,220.4,72.4,75.2,128.0,123.7,399.3,179.9,115.3,295.2,2604.7,,,,,,,,,,
Jul-1999,1080.8,97.5,227.7,1405.9,167.1,225.7,143.7,536.5,227.3,123.5,350.8,367.8,91.8,59.6,165.2,215.2,531.8,238.5,151.8,390.4,3583.1,909.8,56.7,102.4,1068.9,149.4,202.6,131.6,483.5,140.0,84.6,224.6,263.2,70.0,70.0,137.6,129.1,406.6,203.2,118.3,321.5,2768.4,,,,,,,,,,
Aug-1999,1058.5,93.9,223.5,1376.0,172.6,232.7,144.4,549.7,224.6,122.1,346.7,309.0,89.4,58.9,162.2,222.7,533.2,247.4,159.6,407.1,3521.7,880.7,56.3,98.5,1035.5,148.7,196.9,137.2,482.8,140.1,78.0,218.1,221.3,68.1,76.0,133.3,127.2,404.5,210.9,120.4,331.3,2693.5,,,,,,,,,,
Sep-1999,1074.3,100.1,228.3,1402.6,186.2,226.7,171.7,584.6,232.9,125.8,358.7,342.7,89.3,64.4,166.7,232.6,553.1,256.1,163.8,419.8,3661.6,890.8,60.6,97.1,1048.5,151.2,194.5,155.3,501.0,151.1,81.7,232.8,248.5,68.4,85.4,132.6,134.1,420.4,223.1,117.1,340.2,2791.3,,,,,,,,,,
Oct-1999,1125.5,107.4,230.6,1463.5,189.7,233.0,185.5,608.2,246.9,128.6,375.5,361.2,82.2,60.4,168.1,236.7,547.4,258.7,166.1,424.8,3780.5,931.8,65.7,98.2,1095.7,167.6,202.1,176.5,546.3,152.1,90.9,243.0,259.3,67.0,87.0,125.7,139.5,419.1,219.8,125.8,345.6,2908.9,,,,,,,,,,
Nov-1999,1095.8,108.3,226.0,1430.1,187.8,236.8,167.9,592.5,261.3,138.2,399.5,418.6,87.3,66.9,174.5,252.2,580.9,262.0,164.9,426.9,3848.4,914.7,69.1,95.9,1079.8,166.8,212.5,186.8,566.1,155.5,95.9,251.3,304.1,73.2,88.6,133.2,144.5,439.6,220.1,132.2,352.3,2993.3,,,,,,,,,,
Dec-1999,1269.4,159.8,284.5,1713.6,200.0,349.3,200.7,750.0,396.3,195.0,591.3,733.3,108.2,102.4,217.2,364.6,792.4,312.4,164.4,476.9,5057.4,1057.9,110.0,126.4,1294.3,178.7,320.0,228.3,727.0,231.9,125.2,357.1,528.1,100.2,141.7,161.1,204.4,607.4,251.0,141.2,392.1,3906.0,,,,,,,,,,
Jan-2000,1130.1,96.8,185.8,1412.7,175.9,217.3,169.7,562.9,212.8,135.4,348.3,323.6,79.8,63.1,144.6,219.2,506.7,271.5,156.2,427.7,3581.9,930.0,54.8,88.9,1073.7,135.7,211.7,167.2,514.6,136.1,84.9,221.0,228.0,62.0,84.3,108.6,114.7,369.6,202.6,128.5,331.1,2738.0,,,,,,,,,,
Feb-2000,1072.7,94.9,183.1,1350.8,177.1,221.5,163.2,561.7,172.9,117.1,290.0,276.6,84.8,56.2,144.3,215.2,500.5,259.4,142.6,402.0,3381.7,886.0,56.7,88.2,1031.0,110.6,199.8,151.8,462.2,121.2,67.7,188.9,195.9,55.9,72.7,113.1,109.7,351.3,189.6,106.0,295.7,2524.9,,,,,,,,,,
Mar-2000,1145.4,97.5,186.9,1429.8,189.5,225.1,167.6,582.3,215.3,124.6,339.9,315.1,90.8,60.6,161.6,221.0,533.9,282.5,155.2,437.8,3638.8,950.5,60.6,98.4,1109.5,137.5,201.7,151.5,490.7,142.7,79.2,221.8,224.2,64.0,74.0,123.1,120.2,381.3,223.0,114.2,337.2,2764.8,,,,,,,,,,
Apr-2000,1099.2,101.0,176.9,1377.0,173.7,205.4,148.7,527.9,218.5,119.5,338.0,351.1,81.2,59.4,152.9,212.6,506.1,277.6,161.0,438.5,3538.7,904.0,56.5,85.2,1045.7,126.2,171.0,152.9,450.1,148.6,79.4,228.0,260.6,52.7,70.8,122.6,116.0,362.1,182.7,100.9,283.7,2630.3,,,,,,,,,,
May-2000,1099.9,97.7,172.2,1369.8,192.0,250.8,161.4,604.2,241.7,135.1,376.8,372.0,96.3,62.0,167.7,228.6,554.7,277.9,157.3,435.3,3712.8,921.2,54.5,86.7,1062.4,139.1,218.6,145.0,502.7,165.4,85.2,250.7,265.3,55.3,73.7,128.4,121.9,379.4,207.7,101.2,308.9,2769.4,,,,,,,,,,
Jun-2000,1090.3,106.2,176.8,1373.3,244.1,301.9,188.5,734.5,269.0,145.2,414.1,408.6,84.2,69.2,171.8,239.4,564.6,270.0,163.3,433.3,3928.5,910.9,62.8,85.3,1059.1,177.2,251.6,163.1,591.9,183.4,94.6,278.0,298.6,55.5,82.0,131.4,125.4,394.4,207.7,98.6,306.3,2928.3,,,,,,,,,,
Jul-2000,1108.6,96.9,169.9,1375.4,166.0,230.6,158.3,554.9,197.5,110.9,308.4,294.7,105.6,57.3,150.3,201.0,514.2,289.0,192.1,481.0,3528.6,930.4,57.6,95.6,1083.7,125.0,199.2,125.9,450.0,110.9,64.6,175.5,206.1,55.4,67.2,140.7,104.3,367.7,194.3,107.0,301.3,2584.4,,,,,,,,,,
Aug-2000,1154.3,105.7,171.9,1431.9,187.0,246.7,174.5,608.2,207.0,113.9,321.0,353.9,99.2,61.8,168.3,211.4,540.7,289.4,191.6,481.0,3736.8,949.0,62.1,98.3,1109.3,138.2,208.4,139.3,485.9,120.1,70.8,190.9,240.2,57.5,74.9,148.0,113.1,393.4,202.5,105.1,307.6,2727.3,,,,,,,,,,
Sep-2000,1146.6,113.8,169.3,1429.7,177.8,236.1,193.2,607.1,279.8,136.0,415.9,381.0,91.6,68.1,163.8,241.1,564.7,389.4,204.1,593.5,3991.7,928.9,60.6,99.4,1088.9,142.3,199.4,148.2,489.9,121.5,73.2,194.7,251.1,59.0,78.7,144.9,113.8,396.4,192.4,104.5,296.9,2717.8,,,,,,,,,,
Oct-2000,1179.7,113.3,153.4,1446.4,185.9,254.4,194.5,634.8,227.3,141.7,369.0,374.7,93.4,64.2,158.7,253.9,570.2,339.8,220.4,560.1,3955.3,958.1,67.3,91.3,1116.7,158.0,201.2,155.7,514.9,121.5,88.0,209.5,270.2,57.6,74.9,150.3,136.7,419.5,207.5,118.7,326.2,2857.1,,,,,,,,,,
Nov-2000,1176.8,117.3,150.9,1445.0,189.0,271.1,209.7,669.8,232.5,141.1,373.5,431.0,100.5,71.1,165.5,261.2,598.3,320.9,196.4,517.3,4034.9,988.1,75.7,90.6,1154.4,164.6,229.9,168.8,563.3,147.6,98.6,246.1,310.5,62.9,82.9,152.5,150.8,449.1,200.3,124.5,324.8,3048.3,,,,,,,,,,
Dec-2000,1347.3,175.9,174.9,1698.2,209.2,388.0,266.3,863.4,363.5,200.5,564.0,774.2,111.8,110.4,208.8,362.6,793.7,354.4,218.7,573.2,5266.6,1127.9,114.9,115.0,1357.7,183.3,317.8,224.2,725.3,219.9,145.2,365.1,553.9,86.0,135.0,179.9,228.7,629.6,225.5,134.4,359.9,3991.5,,,,,,,,,,
Jan-2001,1200.8,122.6,151.0,1474.4,166.7,274.9,209.6,651.2,208.3,138.3,346.5,340.1,96.7,69.7,152.0,244.9,563.3,343.4,214.0,557.4,3932.9,994.3,65.3,94.3,1153.9,160.8,208.8,162.4,532.1,124.5,88.4,212.9,245.0,67.6,80.8,132.1,126.7,407.2,200.6,135.7,336.3,2887.5,,,,,,,,,,
Feb-2001,1123.9,106.4,142.9,1373.2,148.5,251.1,185.2,584.8,170.0,118.9,288.9,279.0,102.3,61.6,142.1,236.1,542.1,307.6,193.8,501.4,3569.5,938.6,62.0,89.2,1089.7,149.1,197.0,141.1,487.1,108.3,81.1,189.4,206.8,59.3,64.7,133.2,127.4,384.7,191.3,120.4,311.7,2669.4,,,,,,,,,,
Mar-2001,1241.5,119.6,157.5,1518.6,168.5,261.7,202.2,632.4,218.2,130.8,349.0,346.6,110.4,67.2,155.9,249.7,583.3,350.9,218.2,569.1,3999.0,1036.9,70.1,101.3,1208.3,167.3,205.2,155.0,527.5,137.5,92.5,230.0,268.1,65.6,71.4,145.1,136.2,418.2,223.0,135.4,358.4,3010.5,,,,,,,,,,
Apr-2001,1208.6,111.7,179.2,1499.6,171.9,230.5,200.0,602.4,248.1,136.5,384.7,360.5,88.3,63.7,153.8,263.4,569.1,316.7,185.2,501.9,3918.2,962.3,67.0,106.7,1135.9,156.0,208.4,148.6,513.0,142.5,78.8,221.3,265.8,58.9,69.5,165.7,112.2,406.3,230.3,136.7,367.0,2909.4,,,,,,,,,,
May-2001,1246.4,112.1,172.6,1531.1,179.4,257.5,200.3,637.3,274.9,141.9,416.8,403.2,91.9,59.7,166.5,268.1,586.2,335.2,177.7,512.9,4087.5,987.5,69.6,95.4,1152.5,168.3,238.5,150.5,557.4,144.6,84.2,228.7,275.8,65.1,76.8,186.0,123.6,451.4,225.6,128.8,354.4,3020.2,,,,,,,,,,
Jun-2001,1211.1,107.0,173.0,1491.1,188.0,266.9,200.3,655.1,243.3,130.2,373.5,342.1,92.2,60.4,161.1,248.9,562.6,296.4,183.3,479.8,3904.2,951.9,65.9,95.6,1113.4,176.4,267.9,152.2,596.4,137.6,81.6,219.3,262.7,64.1,82.7,177.1,118.7,442.6,221.1,126.4,347.5,2981.8,,,,,,,,,,
Jul-2001,1220.1,102.6,188.3,1511.0,184.1,276.9,193.6,654.6,231.7,135.4,367.1,388.5,97.0,64.2,175.9,253.3,590.3,316.5,188.6,505.2,4016.7,985.1,62.5,90.1,1137.8,187.7,256.1,154.0,597.8,129.3,91.6,220.8,275.8,67.6,77.4,177.1,137.0,459.3,242.3,129.0,371.3,3062.8,,,,,,,,,,
Aug-2001,1274.0,106.5,191.7,1572.2,175.2,271.8,211.4,658.4,215.5,133.5,349.0,334.4,101.2,61.8,183.9,266.0,613.0,315.5,187.6,503.0,4030.0,1031.5,62.8,94.2,1188.5,183.3,256.0,167.7,607.1,122.5,90.0,212.5,232.8,71.7,75.7,180.5,141.6,469.5,259.8,131.7,391.5,3101.9,,,,,,,,,,
Sep-2001,1249.7,109.3,189.3,1548.3,172.2,243.1,218.2,633.4,234.0,135.6,369.5,355.4,88.4,62.9,169.1,262.2,582.6,307.5,188.1,495.6,3984.9,989.2,64.1,90.5,1143.8,172.6,255.3,172.4,600.3,123.0,92.4,215.4,251.4,66.5,74.8,165.1,141.9,448.2,218.9,130.3,349.1,3008.3,,,,,,,,,,
Oct-2001,1300.1,121.5,218.8,1640.4,181.3,254.8,236.3,672.4,249.2,150.2,399.4,398.4,94.7,60.8,174.4,291.6,621.6,306.0,204.5,510.5,4242.6,1038.4,71.1,99.3,1208.9,193.6,272.8,208.7,675.1,135.1,106.6,241.7,280.6,76.9,76.1,168.0,158.0,479.0,229.2,132.7,361.9,3247.2,,,,,,,,,,
Nov-2001,1313.9,131.2,218.1,1663.2,185.5,292.2,230.6,708.4,256.4,160.4,416.9,468.1,99.4,72.8,179.6,316.8,668.6,301.6,190.6,492.3,4417.4,1058.9,77.0,106.4,1242.3,189.1,295.7,203.8,688.6,142.5,109.9,252.4,329.1,76.1,89.5,170.6,173.1,509.3,232.4,133.7,366.2,3387.9,,,,,,,,,,
Dec-2001,1433.8,191.9,243.0,1868.8,197.2,414.3,291.0,902.5,381.7,227.4,609.2,805.6,116.8,110.5,210.4,445.0,882.9,321.8,218.9,540.7,5609.6,1148.6,119.1,131.0,1398.8,214.1,388.9,255.7,858.7,210.3,154.6,365.0,573.7,92.6,142.9,200.0,258.5,694.0,266.8,142.2,409.1,4299.2,,,,,,,,,,
Jan-2002,1353.9,124.8,230.5,1709.3,176.3,289.7,219.9,685.9,258.3,151.1,409.4,357.6,94.9,64.3,158.9,268.6,586.7,266.0,229.4,495.4,4244.3,1060.3,68.7,107.3,1236.2,202.8,257.3,202.2,662.2,130.5,103.9,234.4,252.7,75.8,87.9,146.7,160.6,471.0,238.1,147.1,385.2,3241.8,,,,,,,,,,
Feb-2002,1215.4,111.6,210.4,1537.5,152.2,234.5,196.6,583.3,214.2,129.1,343.3,297.1,95.0,54.2,154.9,248.4,552.5,251.1,182.1,433.2,3747.0,965.6,60.9,98.2,1124.6,175.4,228.0,177.8,581.2,114.2,92.3,206.5,208.0,71.0,70.0,136.1,152.6,429.7,227.1,128.9,356.0,2906.0,,,,,,,,,,
Mar-2002,1350.8,125.5,216.0,1692.4,167.2,253.3,218.7,639.2,246.6,138.5,385.1,358.7,106.7,62.2,165.2,272.4,606.5,264.0,207.3,471.3,4153.2,1082.0,70.4,110.3,1262.7,179.8,259.3,193.9,633.0,140.2,98.9,239.1,267.5,73.3,85.8,145.3,161.8,466.2,257.9,141.3,399.2,3267.7,,,,,,,,,,
Apr-2002,1272.7,113.2,212.6,1598.5,185.5,264.1,216.8,666.4,237.1,139.9,376.9,372.6,102.8,60.2,184.0,261.5,608.5,270.3,205.4,475.7,4098.6,1000.0,60.1,105.1,1165.3,205.4,254.8,189.4,649.6,165.2,108.0,273.2,279.2,75.0,73.5,152.2,162.3,463.0,230.8,141.9,372.7,3202.9,,,,,,,,,,
May-2002,1337.3,115.5,226.1,1678.8,190.7,312.6,205.5,708.9,266.2,153.7,419.9,430.6,105.0,64.4,190.1,283.1,642.5,283.9,198.0,482.0,4362.7,1064.4,63.6,112.3,1240.3,199.9,288.6,181.9,670.4,168.8,114.8,283.6,294.2,81.5,82.5,166.8,176.3,507.1,228.7,140.1,368.8,3364.3,,,,,,,,,,
Jun-2002,1257.2,110.2,213.6,1581.0,187.6,310.7,198.2,696.6,225.5,136.4,361.9,389.2,96.9,63.4,173.6,254.4,588.4,265.0,194.9,459.9,4076.9,997.9,58.6,103.8,1160.3,200.5,305.4,178.0,683.9,152.9,100.5,253.3,301.1,72.4,82.0,155.6,151.1,461.2,218.0,137.6,355.6,3215.4,,,,,,,,,,
Jul-2002,1266.6,123.6,272.8,1663.0,223.2,292.7,233.9,749.8,230.7,138.1,368.8,369.4,99.7,68.6,198.9,265.3,632.5,271.8,209.4,481.2,4264.8,1061.0,66.6,93.3,1220.9,194.6,296.1,162.8,653.5,149.3,108.6,257.9,266.5,84.4,86.8,162.6,163.5,497.3,255.7,158.8,414.5,3310.6,,,,,,,,,,
Aug-2002,1324.9,122.6,268.3,1715.8,217.5,296.6,246.2,760.3,230.1,142.6,372.7,375.5,111.7,71.1,198.6,284.9,666.3,283.2,202.9,486.1,4376.7,1101.1,70.3,92.4,1263.9,190.2,279.7,181.7,651.7,147.4,110.7,258.2,252.0,89.0,90.3,170.5,171.3,521.2,257.1,152.9,410.0,3356.9,,,,,,,,,,
Sep-2002,1262.0,124.9,272.3,1659.2,214.6,274.2,259.8,748.6,237.8,149.2,387.0,372.9,95.4,67.2,193.0,291.2,646.7,270.0,200.6,470.6,4285.1,1047.3,69.9,94.3,1211.5,190.1,259.5,181.7,631.4,152.3,110.4,262.8,252.6,79.7,81.8,172.6,166.8,500.9,237.4,155.1,392.5,3251.6,,,,,,,,,,
Oct-2002,1375.9,143.4,251.0,1770.3,218.7,295.2,277.3,791.2,262.7,155.9,418.5,426.3,85.5,71.4,188.0,299.7,644.7,265.2,218.5,483.7,4534.9,1131.7,74.0,104.8,1310.5,203.5,282.3,194.3,680.1,164.6,122.2,286.8,290.8,81.8,85.3,159.3,192.3,518.7,227.2,150.3,377.5,3464.4,,,,,,,,,,
Nov-2002,1369.5,154.5,249.8,1773.8,224.3,322.4,294.3,841.0,279.7,168.9,448.6,517.1,90.2,85.3,196.6,332.0,704.2,265.0,204.0,469.0,4753.7,1149.3,80.6,102.6,1332.4,207.4,299.7,204.9,712.0,175.9,128.6,304.5,370.3,77.1,100.7,160.5,204.6,542.9,239.7,153.5,393.1,3655.2,,,,,,,,,,
Dec-2002,1484.0,199.0,289.3,1972.3,240.7,447.3,341.9,1030.0,400.1,233.2,633.3,814.6,110.2,126.2,237.3,454.8,928.5,292.8,229.8,522.6,5901.4,1225.5,120.1,120.5,1466.0,237.2,428.0,239.8,905.0,237.1,173.0,410.1,590.0,108.4,170.1,190.0,306.1,774.6,280.9,160.3,441.2,4586.9,,,,,,,,,,
Jan-2003,1420.9,142.6,241.6,1805.1,199.3,314.1,247.0,760.4,247.4,149.4,396.8,377.2,88.6,71.1,182.3,271.8,613.9,272.7,226.0,498.7,4452.1,1177.7,75.5,97.9,1351.0,190.9,274.3,192.1,657.2,136.9,103.3,240.2,269.5,73.9,92.6,164.4,167.8,498.7,286.1,160.3,446.4,3463.1,,,,,,,,,,
Feb-2003,1286.8,124.6,220.6,1632.1,185.7,263.1,229.3,678.1,196.6,131.3,327.9,307.8,86.8,59.2,177.1,261.3,584.4,249.8,181.8,431.7,3961.9,1062.9,68.8,88.3,1220.0,169.0,245.9,171.5,586.4,127.3,99.1,226.3,224.3,69.2,74.9,150.9,170.9,465.9,239.3,139.1,378.4,3101.2,,,,,,,,,,
Mar-2003,1400.3,134.6,235.7,1770.6,202.7,279.9,250.3,733.0,238.5,137.3,375.8,373.0,96.6,62.8,191.7,266.7,617.8,277.9,201.9,479.8,4349.9,1149.7,72.7,95.5,1317.9,196.0,258.4,189.7,644.2,162.1,112.9,275.0,278.3,68.7,81.5,167.0,182.8,499.9,267.3,151.2,418.4,3433.7,,,,,,,,,,
Apr-2003,1355.7,135.6,216.9,1708.1,208.8,266.1,241.6,716.5,258.1,145.6,403.7,427.1,86.4,63.3,199.4,275.8,624.9,270.9,227.6,498.6,4379.0,1119.3,75.2,96.5,1291.1,209.4,246.6,175.0,631.0,178.4,108.5,286.9,303.5,62.3,93.7,154.9,168.9,479.8,254.3,152.0,406.2,3398.4,,,,,,,,,,
May-2003,1399.6,133.6,212.1,1745.4,221.2,301.0,247.0,769.2,263.2,152.5,415.7,424.9,90.8,64.6,216.0,287.3,658.7,285.2,230.6,515.8,4529.7,1158.3,74.1,98.7,1331.1,220.3,278.9,179.4,678.7,182.1,115.9,298.0,311.5,67.1,93.5,169.4,185.8,515.7,272.5,153.7,426.2,3561.2,,,,,,,,,,
Jun-2003,1286.0,133.8,203.5,1623.3,223.0,300.3,258.7,781.9,248.9,146.4,395.4,418.5,87.2,69.4,207.1,277.5,641.1,254.9,219.4,474.2,4334.4,1057.4,73.0,95.0,1225.4,229.1,294.2,166.1,689.4,166.8,111.1,277.9,319.8,62.1,89.7,155.3,173.3,480.3,247.8,151.3,399.1,3391.9,,,,,,,,,,
Jul-2003,1376.2,130.0,232.7,1738.9,228.3,297.2,271.3,796.9,235.4,151.0,386.4,397.4,105.4,73.1,217.6,285.4,681.6,268.5,234.4,502.9,4504.0,1138.0,77.4,104.6,1320.0,218.9,297.3,181.0,697.1,157.4,116.9,274.3,288.6,66.0,87.4,192.9,201.3,547.6,288.3,160.7,449.0,3576.5,,,,,,,,,,
Aug-2003,1383.0,131.7,228.2,1742.9,223.1,289.3,291.1,803.6,231.3,148.5,379.8,375.8,110.4,71.4,208.9,297.1,687.8,298.5,237.9,536.4,4526.3,1140.7,76.3,106.3,1323.3,205.7,269.9,192.9,668.5,152.7,115.5,268.2,269.4,65.2,89.2,201.0,199.2,554.6,289.0,148.6,437.6,3521.5,,,,,,,,,,
Sep-2003,1359.6,138.8,223.8,1722.3,229.5,282.4,312.7,824.5,248.1,161.1,409.2,421.5,108.9,72.1,211.5,314.4,706.8,296.0,233.2,529.3,4613.6,1106.6,78.2,109.4,1294.3,219.2,266.2,201.0,686.4,157.3,117.2,274.5,283.5,64.3,87.8,202.5,201.9,556.5,285.2,149.7,434.9,3530.1,,,,,,,,,,
Oct-2003,1461.5,150.0,240.7,1852.3,237.1,320.0,324.6,881.7,268.6,168.3,436.9,450.5,101.7,79.0,245.2,323.0,748.9,321.8,254.5,576.4,4946.6,1189.4,80.8,111.7,1381.9,227.7,275.8,224.4,728.0,178.7,136.5,315.2,323.2,67.7,98.7,234.5,236.1,637.0,330.5,149.3,479.9,3865.1,,,,,,,,,,
Nov-2003,1435.1,160.2,242.7,1838.0,241.2,326.3,315.2,882.7,283.9,180.9,464.8,526.5,109.5,88.7,240.4,346.5,785.1,324.6,241.3,565.9,5062.9,1174.9,87.8,108.2,1370.9,227.0,272.1,234.2,733.3,188.1,136.8,324.9,377.2,69.1,108.9,239.3,237.7,655.0,326.5,147.3,473.8,3935.1,,,,,,,,,,
Dec-2003,1595.3,220.5,263.7,2079.5,258.3,470.1,360.8,1089.1,415.9,240.5,656.5,843.2,136.1,130.8,286.6,456.0,1009.5,366.1,272.4,638.4,6316.2,1301.2,135.6,125.9,1562.7,253.5,413.4,275.2,942.0,261.6,192.8,454.4,610.3,98.3,178.7,288.5,351.3,916.9,372.8,157.1,529.9,5016.2,,,,,,,,,,
Jan-2004,1533.8,143.0,231.3,1908.2,204.4,345.1,258.9,808.4,271.5,153.4,424.9,408.4,92.3,78.0,218.2,268.5,656.9,318.3,265.9,584.2,4791.1,1244.3,85.7,122.0,1452.0,222.6,287.4,221.3,731.3,163.8,116.0,279.8,281.4,68.3,106.1,200.6,192.7,567.7,328.7,149.4,478.1,3790.2,,,,,,,,,,
Feb-2004,1413.3,128.7,215.4,1757.4,189.7,291.5,246.5,727.7,220.4,132.5,352.8,338.5,91.9,70.1,213.5,256.8,632.3,314.8,230.3,545.1,4353.8,1158.3,81.5,114.6,1354.4,202.2,275.6,199.2,676.9,155.7,111.1,266.8,244.9,69.2,87.1,192.9,206.2,555.3,317.1,139.9,457.0,3555.3,,,,,,,,,,
Mar-2004,1472.1,140.8,228.6,1841.5,212.2,312.7,260.9,785.8,241.9,143.0,384.9,384.5,109.2,76.3,240.5,270.7,696.7,342.2,242.6,584.8,4678.1,1217.2,87.3,117.3,1421.8,220.6,285.1,214.7,720.4,171.2,124.3,295.5,284.0,75.3,97.0,215.3,222.8,610.4,351.4,147.8,499.3,3831.3,,,,,,,,,,
Apr-2004,1469.1,141.5,234.5,1845.1,196.2,286.8,249.0,732.0,260.8,137.0,397.9,433.9,93.8,67.0,232.3,250.9,643.9,353.7,267.0,620.8,4673.5,1185.5,83.5,126.4,1395.4,192.5,264.9,201.4,658.8,197.8,115.6,313.4,324.8,69.6,90.2,199.8,196.9,556.4,315.5,156.2,471.8,3720.6,,,,,,,,,,
May-2004,1475.3,133.0,221.4,1829.8,217.8,306.1,256.5,780.4,290.1,150.9,441.0,445.4,100.6,67.6,247.9,266.4,682.5,328.8,264.1,592.9,4772.0,1176.9,81.2,121.1,1379.2,196.1,270.9,197.5,664.6,204.3,119.3,323.7,313.9,68.7,83.4,209.5,200.0,561.6,317.7,150.8,468.5,3711.5,,,,,,,,,,
Jun-2004,1412.5,133.4,218.5,1764.4,214.5,331.7,257.4,803.6,279.6,145.3,424.9,471.8,95.4,72.5,237.9,255.2,661.0,296.1,255.1,551.2,4677.0,1141.2,78.5,120.9,1340.5,205.4,291.9,191.2,688.5,193.9,116.9,310.8,345.2,66.7,91.2,211.4,198.4,567.7,294.5,143.6,438.1,3690.8,,,,,,,,,,
Jul-2004,1508.5,138.4,224.6,1871.5,222.8,346.8,275.4,845.1,250.6,149.7,400.3,441.2,103.1,78.6,241.7,261.0,684.4,314.5,274.4,588.9,4831.4,1192.3,79.2,119.5,1391.0,212.5,279.8,198.4,690.7,191.3,125.0,316.2,317.7,71.3,97.0,224.0,207.9,600.2,305.3,163.1,468.4,3784.3,,,,,,,,,,
Aug-2004,1476.3,135.9,228.2,1840.4,209.2,325.7,269.8,804.7,234.9,146.4,381.3,400.2,101.0,72.3,243.0,263.9,680.2,313.7,259.2,572.9,4679.7,1156.2,79.3,116.7,1352.2,218.7,281.6,213.6,713.8,182.7,126.7,309.5,279.2,72.2,94.0,226.1,209.0,601.3,305.9,162.5,468.4,3724.4,,,,,,,,,,
Sep-2004,1490.9,142.0,226.1,1858.9,220.0,320.2,279.8,820.0,264.3,155.6,419.9,453.5,99.3,73.8,245.2,276.3,694.6,328.7,265.7,594.5,4841.5,1168.0,80.3,118.7,1367.0,213.5,271.1,227.9,712.5,186.5,123.3,309.7,310.9,74.4,96.7,232.8,214.6,618.5,320.3,170.6,490.9,3809.5,,,,,,,,,,
Oct-2004,1542.3,148.2,236.4,1926.9,230.4,356.7,307.3,894.4,274.1,163.9,438.1,462.7,97.0,79.1,234.2,291.2,701.5,323.5,273.9,597.3,5021.0,1226.0,90.4,132.0,1448.4,235.7,289.7,269.2,794.6,190.2,138.1,328.3,327.7,72.5,97.9,246.5,226.6,643.5,312.8,161.1,473.9,4016.3,,,,,,,,,,
Nov-2004,1513.4,153.7,248.1,1915.2,237.5,381.9,323.9,943.3,284.9,168.7,453.5,535.5,102.6,83.9,231.0,304.8,722.3,320.6,254.3,574.9,5144.6,1212.0,91.3,130.2,1433.5,241.6,305.0,259.3,805.9,192.5,137.7,330.1,368.8,74.2,100.1,253.5,235.2,663.0,305.5,157.5,463.0,4064.3,,,,,,,,,,
Dec-2004,1717.9,226.9,296.5,2241.3,259.4,528.4,361.1,1148.9,426.2,229.4,655.6,860.9,142.2,125.1,268.1,427.0,962.4,367.6,280.5,648.1,6517.2,1385.4,144.9,154.0,1684.3,254.1,437.0,312.8,1003.9,262.5,210.9,473.3,623.8,103.2,160.3,312.9,359.4,935.8,342.7,167.0,509.6,5230.8,,,,,,,,,,
Jan-2005,1535.2,145.7,239.3,1920.2,228.3,365.5,281.8,875.5,280.0,165.8,445.8,424.7,103.2,77.7,185.8,279.4,646.0,314.4,260.6,575.0,4887.2,1207.2,76.4,131.7,1415.3,225.9,285.3,237.7,748.8,164.5,126.7,291.1,299.8,70.9,92.7,199.2,191.5,554.3,269.8,162.2,432.0,3741.3,,,,,,,,,,
Feb-2005,1416.9,139.3,225.1,1781.3,199.7,318.5,250.6,768.8,215.5,136.7,352.2,350.4,99.6,64.4,187.0,255.7,606.7,284.7,233.7,518.4,4377.8,1122.0,75.7,125.7,1323.4,212.6,255.7,209.3,677.6,151.3,122.6,273.9,260.1,63.1,87.0,205.7,192.5,548.3,257.1,151.0,408.1,3491.4,,,,,,,,,,
Mar-2005,1555.3,155.9,247.7,1958.9,200.5,335.7,274.1,810.3,272.8,147.6,420.4,448.4,101.7,71.0,204.5,268.3,645.5,292.4,249.0,541.4,4825.0,1243.4,87.5,143.6,1474.4,218.6,267.0,231.6,717.1,179.0,127.4,306.3,320.1,64.7,100.0,230.6,199.7,595.0,274.6,162.1,436.7,3849.7,,,,,,,,,,
Apr-2005,1481.8,149.3,244.5,1875.7,204.3,340.3,270.3,814.9,263.0,141.5,404.5,386.5,94.6,70.7,199.5,260.6,625.4,315.0,252.6,567.6,4674.5,1200.1,86.9,143.2,1430.2,232.2,286.1,219.1,737.4,177.3,130.8,308.0,286.0,65.6,99.2,220.2,192.4,577.5,267.9,171.5,439.4,3778.5,,,,,,,,,,
May-2005,1473.0,143.1,242.9,1859.0,215.8,366.7,268.2,850.8,296.8,145.8,442.6,430.9,96.4,70.0,202.3,260.1,628.9,304.5,249.0,553.5,4765.7,1209.0,82.8,119.6,1411.3,243.3,312.0,223.3,778.6,200.7,143.8,344.5,317.8,68.1,96.3,240.5,207.8,612.8,260.6,170.4,430.9,3896.0,,,,,,,,,,
Jun-2005,1452.0,142.8,238.6,1833.4,227.0,376.5,264.0,867.5,292.6,144.1,436.7,491.3,93.1,74.8,204.4,254.4,626.6,297.0,251.1,548.1,4803.5,1171.4,82.6,116.4,1370.4,249.4,328.9,221.3,799.7,193.7,134.0,327.7,358.4,67.2,103.4,228.2,194.9,593.6,262.5,164.7,427.2,3877.0,,,,,,,,,,
Jul-2005,1546.2,144.4,245.9,1936.5,232.9,362.0,266.9,861.8,261.4,140.5,401.9,426.1,99.0,73.4,196.9,249.9,619.2,293.7,282.5,576.3,4821.7,1222.6,92.1,120.6,1435.3,237.0,308.7,197.3,743.0,175.8,133.6,309.4,318.4,72.4,92.8,221.4,201.2,587.9,269.4,181.7,451.1,3845.0,,,,,,,,,,
Aug-2005,1553.4,150.3,251.9,1955.6,223.5,353.9,298.6,876.1,252.1,144.3,396.4,407.8,96.1,72.3,198.7,262.4,629.5,278.6,262.6,541.2,4806.6,1214.0,94.9,123.4,1432.3,231.1,313.2,199.7,744.0,176.4,131.4,307.8,289.0,75.3,95.1,228.3,206.7,605.4,268.0,180.7,448.6,3827.1,,,,,,,,,,
Sep-2005,1545.8,157.6,246.8,1950.3,225.3,352.7,303.1,881.1,276.5,152.3,428.8,435.8,94.0,73.9,188.7,269.9,626.5,306.1,267.6,573.6,4896.1,1215.2,94.7,129.2,1439.1,225.9,312.0,210.2,748.1,197.4,130.0,327.4,305.5,74.2,94.3,227.0,200.2,595.7,263.8,178.1,441.9,3857.6,,,,,,,,,,
Oct-2005,1593.8,177.8,267.2,2038.8,218.6,348.6,329.4,896.6,287.0,158.2,445.2,444.7,91.9,73.7,192.2,277.8,635.5,333.3,299.8,633.1,5093.9,1268.4,85.9,134.7,1489.0,238.0,295.8,232.5,766.4,192.1,145.0,337.1,316.3,72.8,95.8,230.5,214.7,613.8,287.7,186.7,474.4,3997.0,,,,,,,,,,
Nov-2005,1558.3,194.7,271.7,2024.6,227.6,381.5,345.6,954.7,301.8,162.5,464.3,525.1,96.0,80.4,200.3,303.0,679.7,335.9,293.3,629.2,5277.6,1259.3,95.3,132.8,1487.4,234.2,328.2,238.6,801.0,189.8,148.3,338.1,364.1,78.4,107.0,242.8,229.5,657.7,292.2,182.0,474.2,4122.5,,,,,,,,,,
Dec-2005,1776.1,279.9,316.0,2372.0,247.8,568.4,395.2,1211.4,422.8,219.3,642.0,854.4,127.3,126.4,250.2,417.3,921.2,362.8,323.5,686.3,6687.5,1443.6,139.7,163.6,1746.9,255.4,468.1,277.9,1001.5,262.0,203.5,465.5,617.2,108.7,173.1,300.1,337.0,918.8,309.1,197.5,506.6,5256.5,,,,,,,,,,
Jan-2006,1585.2,171.9,287.0,2044.0,208.2,384.6,288.0,880.8,275.7,155.1,430.8,401.4,86.7,79.3,172.6,265.8,604.3,325.6,292.6,618.2,4979.4,1282.7,91.0,129.6,1503.3,228.9,313.8,209.8,752.5,166.9,131.8,298.7,284.3,74.5,97.3,228.9,185.0,585.6,294.8,173.3,468.2,3892.5,,,,,,,,,,
Feb-2006,1480.1,157.6,265.7,1903.4,181.9,311.0,277.3,770.1,215.7,131.0,346.7,341.3,85.8,62.8,169.7,248.7,567.0,315.7,252.6,568.4,4496.9,1187.4,84.5,131.0,1402.8,218.4,264.4,186.3,669.2,152.6,121.3,273.8,249.7,65.9,81.0,220.8,189.8,557.5,274.3,159.0,433.3,3586.4,,,,,,,,,,
Mar-2006,1635.1,174.7,291.5,2101.4,202.4,340.1,302.8,845.4,253.6,148.2,401.9,394.1,93.9,71.3,188.9,273.1,627.3,356.0,277.8,633.8,5003.8,1321.2,96.8,144.1,1562.1,242.3,289.6,208.6,740.5,181.7,138.8,320.6,292.9,68.6,94.7,254.8,205.9,624.1,324.4,179.4,503.8,4044.0,,,,,,,,,,
Apr-2006,1582.7,172.2,268.2,2023.1,203.3,321.0,288.5,812.8,279.2,145.5,424.7,451.2,81.1,72.8,196.8,261.0,611.7,356.1,273.5,629.6,4953.0,1285.3,95.4,143.4,1524.0,229.9,285.6,186.4,702.0,188.1,132.8,320.8,338.3,66.2,93.9,240.9,202.7,603.7,315.6,186.2,501.8,3990.6,,,,,,,,,,
May-2006,1572.3,173.0,261.7,2007.0,216.6,364.8,290.4,871.7,298.0,150.1,448.1,422.6,94.5,72.8,212.7,266.3,646.4,369.9,271.2,641.1,5036.8,1285.0,89.9,147.0,1521.9,243.2,321.7,185.0,749.8,190.5,141.2,331.7,304.2,69.3,91.7,255.7,215.0,631.8,339.6,182.8,522.5,4061.8,,,,,,,,,,
Jun-2006,1557.4,164.7,253.6,1975.7,218.6,399.1,275.4,893.1,286.8,147.2,434.0,478.3,93.8,74.8,205.4,260.4,634.4,362.2,266.9,629.1,5044.5,1272.0,92.2,138.2,1502.4,256.0,338.4,184.4,778.9,187.4,147.3,334.7,345.4,67.8,98.3,247.2,223.2,636.5,310.6,184.8,495.4,4093.4,,,,,,,,,,
Jul-2006,1591.7,171.1,264.8,2027.6,225.1,374.5,262.4,861.9,264.7,147.3,412.1,459.8,95.3,72.5,220.0,268.3,656.2,368.1,295.8,664.0,5081.7,1288.4,92.2,124.3,1504.9,262.5,327.1,185.0,774.6,176.7,139.6,316.3,340.0,65.8,88.7,228.3,207.9,590.7,324.1,183.1,507.1,4033.6,,,,,,,,,,
Aug-2006,1636.0,173.6,273.6,2083.2,220.6,357.9,272.9,851.4,265.1,146.7,411.9,403.6,99.2,73.9,225.6,275.9,674.6,367.2,289.6,656.8,5081.5,1321.1,96.9,127.8,1545.8,269.1,316.3,200.1,785.5,180.6,144.3,324.9,291.2,67.2,93.3,251.6,231.3,643.4,329.6,191.0,520.6,4111.5,,,,,,,,,,
Sep-2006,1614.7,181.7,269.1,2065.5,224.0,362.7,279.7,866.4,295.8,154.0,449.8,408.0,92.1,76.4,220.3,278.2,667.0,377.1,284.8,661.9,5118.6,1295.8,98.5,127.6,1522.0,265.5,320.5,205.3,791.3,189.7,144.6,334.3,281.2,65.0,94.5,234.0,223.6,617.1,324.9,188.5,513.5,4059.4,,,,,,,,,,
Oct-2006,1677.0,189.3,289.6,2155.9,234.1,383.1,299.3,916.5,317.5,158.0,475.5,444.7,91.5,87.6,214.3,284.1,677.6,408.4,273.7,682.1,5352.2,1390.2,94.3,145.1,1629.6,278.5,326.8,227.8,833.0,209.9,170.8,380.7,318.2,70.6,97.2,268.7,238.2,674.6,316.9,187.5,504.3,4340.5,,,,,,,,,,
Nov-2006,1683.8,206.5,289.6,2179.8,236.3,417.8,313.3,967.3,326.7,159.5,486.2,532.3,97.5,94.4,226.5,299.2,717.7,416.2,274.1,690.3,5573.7,1381.9,98.6,146.6,1627.2,278.4,350.9,223.8,853.1,213.9,161.7,375.6,387.3,76.0,109.3,281.3,261.8,728.5,342.5,186.1,528.6,4500.3,,,,,,,,,,
Dec-2006,1873.0,296.5,341.9,2511.5,258.9,618.5,341.6,1219.0,456.7,234.5,691.1,858.6,119.4,152.3,263.8,429.1,964.6,474.1,295.6,769.7,7014.5,1542.5,159.9,171.5,1873.8,295.8,506.1,259.0,1061.0,286.4,212.9,499.3,638.9,107.7,185.8,323.7,350.7,967.9,386.3,198.5,584.8,5625.7,,,,,,,,,,
Jan-2007,1684.4,191.2,304.6,2180.3,222.4,412.8,286.4,921.6,302.1,150.5,452.6,414.8,87.1,91.9,191.2,266.0,636.1,408.0,279.5,687.5,5293.0,1386.3,94.0,151.5,1631.8,269.6,327.6,221.7,818.9,191.5,133.9,325.4,300.5,74.3,102.1,228.9,202.0,607.4,332.9,191.0,523.9,4208.0,,,,,,,,,,
Feb-2007,1557.4,179.7,288.8,2025.8,195.6,358.3,268.4,822.2,243.8,130.4,374.2,341.5,79.7,79.9,175.3,251.1,585.9,396.3,245.4,641.7,4791.5,1284.8,93.0,145.5,1523.3,232.5,286.9,204.0,723.4,178.4,121.4,299.9,247.7,71.9,90.9,222.3,193.1,578.3,298.1,183.1,481.2,3853.8,,,,,,,,,,
Mar-2007,1740.8,194.9,311.3,2247.0,216.5,410.5,286.6,913.6,295.2,144.5,439.8,434.4,95.4,91.3,199.6,269.9,656.2,441.4,275.6,717.0,5408.0,1414.6,102.7,153.8,1671.0,247.3,327.6,212.4,787.4,219.9,138.6,358.6,325.5,78.2,108.8,251.7,206.6,645.4,340.5,204.6,545.1,4332.8,,,,,,,,,,
Apr-2007,1649.9,191.4,307.1,2148.4,218.0,364.7,260.0,842.7,299.8,145.8,445.6,433.7,79.4,80.6,198.8,261.7,620.6,424.2,272.4,696.6,5187.5,1343.1,90.5,168.4,1601.9,230.1,301.6,208.7,740.4,222.0,130.1,352.0,317.8,68.9,99.9,229.6,190.5,589.0,322.4,208.6,531.1,4132.2,,,,,,,,,,
May-2007,1678.0,183.3,304.0,2165.3,234.8,392.5,273.0,900.3,311.2,154.8,466.0,447.4,80.7,82.3,212.2,273.7,648.8,416.1,272.5,688.6,5316.4,1361.2,88.6,165.2,1615.1,248.1,333.6,208.1,789.9,227.6,141.7,369.3,329.2,72.4,97.7,247.6,208.3,625.9,309.9,200.4,510.3,4239.7,,,,,,,,,,
Jun-2007,1642.0,173.5,279.5,2094.9,238.3,439.7,248.5,926.5,332.7,148.6,481.4,493.2,78.3,88.5,209.3,254.8,631.0,418.5,276.2,694.7,5321.7,1326.2,87.5,167.5,1581.2,264.5,360.8,203.7,828.9,226.7,136.1,362.8,353.5,70.2,102.4,239.2,195.5,607.3,296.4,193.7,490.1,4223.8,,,,,,,,,,
Jul-2007,1695.7,182.1,300.1,2177.9,250.1,422.8,259.7,932.6,303.3,153.4,456.6,476.0,89.7,87.7,227.8,275.2,680.4,400.7,303.8,704.5,5428.0,1326.3,89.7,175.0,1590.9,250.7,355.3,208.2,814.2,225.6,142.7,368.3,348.3,75.4,98.3,242.0,210.0,625.7,296.9,200.7,497.6,4244.9,,,,,,,,,,
Aug-2007,1762.9,189.9,308.5,2261.2,251.3,426.7,272.2,950.1,286.2,155.0,441.2,427.2,91.8,91.6,242.6,290.4,716.5,437.9,303.8,741.7,5538.0,1381.5,90.3,174.1,1645.8,260.2,366.0,230.1,856.3,216.8,147.0,363.8,305.9,78.4,97.8,264.0,225.6,665.8,314.7,211.7,526.4,4364.1,,,,,,,,,,
Sep-2007,1740.8,204.4,296.2,2241.5,247.6,420.5,293.6,961.8,298.0,165.2,463.2,444.7,84.6,95.3,220.5,306.7,707.1,426.2,292.8,719.0,5537.3,1334.0,97.1,171.3,1602.4,242.7,355.9,243.0,841.6,221.8,149.9,371.7,310.0,75.6,99.4,237.5,232.5,645.1,291.3,203.4,494.6,4265.4,,,,,,,,,,
Oct-2007,1853.8,204.5,276.8,2335.1,282.6,420.4,294.9,997.9,342.2,178.7,520.9,476.5,93.9,102.1,241.8,309.8,747.6,402.1,304.4,706.5,5784.4,1381.8,103.5,186.9,1672.2,247.7,362.2,250.5,860.4,247.1,163.5,410.6,336.3,94.8,100.8,269.3,253.0,717.9,337.9,203.0,540.9,4538.3,,,,,,,,,,
Nov-2007,1897.1,217.3,272.0,2386.4,291.3,477.5,294.3,1063.1,346.3,179.7,526.0,553.1,95.5,110.1,255.9,324.3,785.8,413.7,299.2,712.9,6027.4,1420.0,109.1,181.3,1710.4,264.0,392.7,257.2,913.9,259.7,183.0,442.7,397.3,101.8,110.9,283.5,283.1,779.4,351.0,196.9,547.9,4791.6,,,,,,,,,,
Dec-2007,2054.7,309.9,322.6,2687.2,325.4,704.6,339.3,1369.4,490.6,251.8,742.4,902.3,124.1,177.7,315.9,472.0,1089.6,441.5,319.6,761.1,7552.0,1566.6,154.3,220.8,1941.8,276.7,589.4,285.5,1151.7,360.7,231.2,591.9,660.4,145.1,184.1,324.9,382.4,1036.4,389.4,206.9,596.3,5978.5,,,,,,,,,,
